종목코드,종목명,산업,섹터,DT
096770,SK이노베이션,에너지,에너지,20230119
010950,S-Oil,에너지,에너지,20230119
267250,HD현대,에너지,에너지,20230119
078930,GS,에너지,에너지,20230119
112610,씨에스윈드,에너지,에너지,20230119
006120,SK디스커버리,에너지,에너지,20230119
322000,현대에너지솔루션,에너지,에너지,20230119
005090,SGC에너지,에너지,에너지,20230119
018000,유니슨,에너지,에너지,20230119
002960,한국쉘석유,에너지,에너지,20230119
126720,수산인더스트리,에너지,에너지,20230119
126880,제이엔케이히터,에너지,에너지,20230119
046120,오르비텍,에너지,에너지,20230119
099220,SDN,에너지,에너지,20230119
044490,태웅,에너지,에너지,20230119
012320,경동인베스트,에너지,에너지,20230119
060900,대한그린파워,에너지,에너지,20230119
137950,제이씨케미칼,에너지,에너지,20230119
270520,지엔원에너지,에너지,에너지,20230119
091090,세원이앤씨,에너지,에너지,20230119
083650,비에이치아이,에너지,에너지,20230119
128820,대성산업,에너지,에너지,20230119
014530,극동유화,에너지,에너지,20230119
389260,대명에너지,에너지,에너지,20230119
093230,이아이디,에너지,에너지,20230119
024060,흥구석유,에너지,에너지,20230119
095910,에스에너지,에너지,에너지,20230119
013810,스페코,에너지,에너지,20230119
032980,바이온,에너지,에너지,20230119
038870,에코바이오,에너지,에너지,20230119
000440,중앙에너비스,에너지,에너지,20230119
043200,파루,에너지,에너지,20230119
294630,서남,에너지,에너지,20230119
065420,에스아이리소스,에너지,에너지,20230119
313760,윌링스,에너지,에너지,20230119
051910,LG화학,소재,소재,20230119
005490,POSCO홀딩스,소재,소재,20230119
009830,한화솔루션,소재,소재,20230119
003670,포스코케미칼,소재,소재,20230119
010130,고려아연,소재,소재,20230119
011170,롯데케미칼,소재,소재,20230119
004020,현대제철,소재,소재,20230119
011780,금호석유,소재,소재,20230119
086520,에코프로,소재,소재,20230119
011790,SKC,소재,소재,20230119
014680,한솔케미칼,소재,소재,20230119
010060,OCI,소재,소재,20230119
005070,코스모신소재,소재,소재,20230119
000210,DL,소재,소재,20230119
004000,롯데정밀화학,소재,소재,20230119
001230,동국제강,소재,소재,20230119
298050,효성첨단소재,소재,소재,20230119
285130,SK케미칼,소재,소재,20230119
120110,코오롱인더,소재,소재,20230119
103140,풍산,소재,소재,20230119
383310,에코프로에이치엔,소재,소재,20230119
093370,후성,소재,소재,20230119
006650,대한유화,소재,소재,20230119
005690,파미셀,소재,소재,20230119
001570,금양,소재,소재,20230119
121600,나노신소재,소재,소재,20230119
005420,코스모화학,소재,소재,20230119
178920,PI첨단소재,소재,소재,20230119
069260,TKG휴켐스,소재,소재,20230119
008730,율촌화학,소재,소재,20230119
005950,이수화학,소재,소재,20230119
014830,유니드,소재,소재,20230119
004430,송원산업,소재,소재,20230119
007690,국도화학,소재,소재,20230119
000070,삼양홀딩스,소재,소재,20230119
003030,세아제강지주,소재,소재,20230119
008350,남선알미늄,소재,소재,20230119
016380,KG스틸,소재,소재,20230119
161000,애경케미칼,소재,소재,20230119
002840,미원상사,소재,소재,20230119
014820,동원시스템즈,소재,소재,20230119
004890,동일산업,소재,소재,20230119
298000,효성화학,소재,소재,20230119
213500,한솔제지,소재,소재,20230119
102710,이엔에프테크놀로지,소재,소재,20230119
151860,KG ETS,소재,소재,20230119
104830,원익머트리얼즈,소재,소재,20230119
101360,에코앤드림,소재,소재,20230119
001430,세아베스틸지주,소재,소재,20230119
033500,동성화인텍,소재,소재,20230119
006110,삼아알미늄,소재,소재,20230119
281740,레이크머티리얼즈,소재,소재,20230119
025860,남해화학,소재,소재,20230119
078130,국일제지,소재,소재,20230119
002310,아세아제지,소재,소재,20230119
003240,태광산업,소재,소재,20230119
002240,고려제강,소재,소재,20230119
016590,신대양제지,소재,소재,20230119
005010,휴스틸,소재,소재,20230119
009520,포스코엠텍,소재,소재,20230119
001390,KG케미칼,소재,소재,20230119
306200,세아제강,소재,소재,20230119
034810,해성산업,소재,소재,20230119
089010,켐트로닉스,소재,소재,20230119
220260,켐트로스,소재,소재,20230119
100130,동국S&C,소재,소재,20230119
104480,티케이케미칼,소재,소재,20230119
002810,삼영무역,소재,소재,20230119
104700,한국철강,소재,소재,20230119
268280,미원에스씨,소재,소재,20230119
005810,풍산홀딩스,소재,소재,20230119
002030,아세아,소재,소재,20230119
139990,아주스틸,소재,소재,20230119
084010,대한제강,소재,소재,20230119
055490,테이팩스,소재,소재,20230119
017890,한국알콜,소재,소재,20230119
002710,TCC스틸,소재,소재,20230119
102260,동성케미컬,소재,소재,20230119
251370,와이엠티,소재,소재,20230119
012610,경인양행,소재,소재,20230119
115390,락앤락,소재,소재,20230119
001780,알루코,소재,소재,20230119
081000,일진다이아,소재,소재,20230119
001940,KISCO홀딩스,소재,소재,20230119
001340,백광산업,소재,소재,20230119
138490,코오롱플라스틱,소재,소재,20230119
005160,동국산업,소재,소재,20230119
004150,한솔홀딩스,소재,소재,20230119
115960,연우,소재,소재,20230119
004250,NPC,소재,소재,20230119
008970,동양철관,소재,소재,20230119
004560,현대비앤지스틸,소재,소재,20230119
000180,성창기업지주,소재,소재,20230119
018470,조일알미늄,소재,소재,20230119
058430,포스코스틸리온,소재,소재,20230119
009580,무림P&P,소재,소재,20230119
011500,한농화성,소재,소재,20230119
006740,영풍제지,소재,소재,20230119
023440,제이스코홀딩스,소재,소재,20230119
239890,피엔에이치테크,소재,소재,20230119
083420,그린케미칼,소재,소재,20230119
014580,태경비케이,소재,소재,20230119
025000,KPX케미칼,소재,소재,20230119
357550,석경에이티,소재,소재,20230119
009190,대양금속,소재,소재,20230119
014160,대영포장,소재,소재,20230119
000970,한국주철관,소재,소재,20230119
033310,엠투엔,소재,소재,20230119
251970,펌텍코리아,소재,소재,20230119
272550,삼양패키징,소재,소재,20230119
006840,AK홀딩스,소재,소재,20230119
006380,카프로,소재,소재,20230119
290380,대유,소재,소재,20230119
136410,아셈스,소재,소재,20230119
107590,미원홀딩스,소재,소재,20230119
081150,티플랙스,소재,소재,20230119
003720,삼영화학,소재,소재,20230119
000480,조선내화,소재,소재,20230119
015890,태경산업,소재,소재,20230119
001080,만호제강,소재,소재,20230119
004540,깨끗한나라,소재,소재,20230119
002360,SH에너지화학,소재,소재,20230119
002200,한국수출포장,소재,소재,20230119
023450,동남합성,소재,소재,20230119
004090,한국석유,소재,소재,20230119
023600,삼보판지,소재,소재,20230119
100250,진양홀딩스,소재,소재,20230119
012800,대창,소재,소재,20230119
025550,한국선재,소재,소재,20230119
003650,미창석유,소재,소재,20230119
011280,태림포장,소재,소재,20230119
124500,아이티센,소재,소재,20230119
120240,대정화금,소재,소재,20230119
037370,EG,소재,소재,20230119
069460,대호에이엘,소재,소재,20230119
032560,황금에스티,소재,소재,20230119
008260,NI스틸,소재,소재,20230119
006890,태경케미컬,소재,소재,20230119
010040,한국내화,소재,소재,20230119
024090,디씨엠,소재,소재,20230119
042040,케이피엠테크,소재,소재,20230119
222810,세토피아,소재,소재,20230119
025820,이구산업,소재,소재,20230119
014190,원익큐브,소재,소재,20230119
009460,한창제지,소재,소재,20230119
036670,KCI,소재,소재,20230119
003780,진양산업,소재,소재,20230119
007280,한국특강,소재,소재,20230119
036640,HRS,소재,소재,20230119
294140,레몬,소재,소재,20230119
247660,나노씨엠에스,소재,소재,20230119
009200,무림페이퍼,소재,소재,20230119
134380,미원화학,소재,소재,20230119
053260,금강철강,소재,소재,20230119
092230,KPX홀딩스,소재,소재,20230119
016100,리더스코스메틱,소재,소재,20230119
162300,신스틸,소재,소재,20230119
039240,경남스틸,소재,소재,20230119
002100,경농,소재,소재,20230119
007590,동방아그로,소재,소재,20230119
222420,쎄노텍,소재,소재,20230119
396300,세아메카닉스,소재,소재,20230119
058650,세아홀딩스,소재,소재,20230119
101240,씨큐브,소재,소재,20230119
446070,유니드비티플러스,소재,소재,20230119
008420,문배철강,소재,소재,20230119
045060,오공,소재,소재,20230119
120030,조선선재,소재,소재,20230119
019440,세아특수강,소재,소재,20230119
003830,대한화섬,소재,소재,20230119
352940,인바이오,소재,소재,20230119
058450,일야,소재,소재,20230119
071090,하이스틸,소재,소재,20230119
187790,나노,소재,소재,20230119
021050,서원,소재,소재,20230119
177830,파버나인,소재,소재,20230119
014440,영보화학,소재,소재,20230119
069730,DSR제강,소재,소재,20230119
027970,세하,소재,소재,20230119
004780,대륙제관,소재,소재,20230119
002220,한일철강,소재,소재,20230119
026940,부국철강,소재,소재,20230119
009620,삼보산업,소재,소재,20230119
017480,삼현철강,소재,소재,20230119
004450,삼화왕관,소재,소재,20230119
097870,효성오앤비,소재,소재,20230119
017650,대림제지,소재,소재,20230119
001550,조비,소재,소재,20230119
318000,KBG,소재,소재,20230119
048470,대동스틸,소재,소재,20230119
075970,동국알앤에스,소재,소재,20230119
196700,웹스,소재,소재,20230119
133820,화인베스틸,소재,소재,20230119
037230,한국팩키지,소재,소재,20230119
128660,피제이메탈,소재,소재,20230119
066430,와이오엠,소재,소재,20230119
155660,DSR,소재,소재,20230119
037760,쎄니트,소재,소재,20230119
050760,에스폴리텍,소재,소재,20230119
012160,영흥,소재,소재,20230119
008870,금비,소재,소재,20230119
010640,진양폴리,소재,소재,20230119
001810,무림SP,소재,소재,20230119
008370,원풍,소재,소재,20230119
012620,원일특강,소재,소재,20230119
286750,나노브릭,소재,소재,20230119
021040,대호특수강,소재,소재,20230119
051630,진양화학,소재,소재,20230119
002820,SUN&L,소재,소재,20230119
110020,전진바이오팜,소재,소재,20230119
079170,한창산업,소재,소재,20230119
340440,세림B&G,소재,소재,20230119
001020,페이퍼코리아,소재,소재,20230119
024070,WISCOM,소재,소재,20230119
001560,제일연마,소재,소재,20230119
001770,SHD,소재,소재,20230119
263770,유에스티,소재,소재,20230119
115570,스타플렉스,소재,소재,20230119
025890,한국주강,소재,소재,20230119
140520,대창스틸,소재,소재,20230119
060380,동양에스텍,소재,소재,20230119
000590,CS홀딩스,소재,소재,20230119
007770,한일화학,소재,소재,20230119
049830,승일,소재,소재,20230119
060480,국일신동,소재,소재,20230119
010420,한솔PNS,소재,소재,20230119
002690,동일제강,소재,소재,20230119
048830,엔피케이,소재,소재,20230119
002870,신풍,소재,소재,20230119
003080,성보화학,소재,소재,20230119
332290,누보,소재,소재,20230119
026910,광진실업,소재,소재,20230119
005820,원림,소재,소재,20230119
014970,삼륭물산,소재,소재,20230119
054410,케이피티유,소재,소재,20230119
191410,육일씨엔에쓰,소재,소재,20230119
221980,케이디켐,소재,소재,20230119
000760,이화산업,소재,소재,20230119
023790,동일철강,소재,소재,20230119
028260,삼성물산,산업재,자본재,20230119
034730,SK,산업재,자본재,20230119
003550,LG,산업재,자본재,20230119
034020,두산에너빌리티,산업재,자본재,20230119
028050,삼성엔지니어링,산업재,자본재,20230119
009540,한국조선해양,산업재,자본재,20230119
047810,한국항공우주,산업재,자본재,20230119
010140,삼성중공업,산업재,자본재,20230119
000720,현대건설,산업재,자본재,20230119
012450,한화에어로스페이스,산업재,자본재,20230119
064350,현대로템,산업재,자본재,20230119
010620,현대미포조선,산업재,자본재,20230119
241560,두산밥캣,산업재,자본재,20230119
329180,현대중공업,산업재,자본재,20230119
006360,GS건설,산업재,자본재,20230119
006260,LS,산업재,자본재,20230119
001040,CJ,산업재,자본재,20230119
375500,DL이앤씨,산업재,자본재,20230119
047050,포스코인터내셔널,산업재,자본재,20230119
002380,KCC,산업재,자본재,20230119
001120,LX인터내셔널,산업재,자본재,20230119
042670,현대두산인프라코어,산업재,자본재,20230119
007460,에이프로젠,산업재,자본재,20230119
017800,현대엘리베이,산업재,자본재,20230119
047040,대우건설,산업재,자본재,20230119
079550,LIG넥스원,산업재,자본재,20230119
010120,LS ELECTRIC,산업재,자본재,20230119
272210,한화시스템,산업재,자본재,20230119
267260,현대일렉트릭,산업재,자본재,20230119
100090,삼강엠앤티,산업재,자본재,20230119
042660,대우조선해양,산업재,자본재,20230119
056190,에스에프에이,산업재,자본재,20230119
267270,현대건설기계,산업재,자본재,20230119
003410,쌍용C&E,산업재,자본재,20230119
004800,효성,산업재,자본재,20230119
009240,한샘,산업재,자본재,20230119
001740,SK네트웍스,산업재,자본재,20230119
001440,대한전선,산업재,자본재,20230119
010780,아이에스동서,산업재,자본재,20230119
000150,두산,산업재,자본재,20230119
294870,HDC현대산업개발,산업재,자본재,20230119
013890,지누스,산업재,자본재,20230119
068240,다원시스,산업재,자본재,20230119
090710,휴림로봇,산업재,자본재,20230119
277810,레인보우로보틱스,산업재,자본재,20230119
005440,현대그린푸드,산업재,자본재,20230119
383800,LX홀딩스,산업재,자본재,20230119
344820,KCC글라스,산업재,자본재,20230119
101670,하이드로리튬,산업재,자본재,20230119
298040,효성중공업,산업재,자본재,20230119
017960,한국카본,산업재,자본재,20230119
082740,HSD엔진,산업재,자본재,20230119
002900,TYM,산업재,자본재,20230119
074610,이엔플러스,산업재,자본재,20230119
108670,LX하우시스,산업재,자본재,20230119
001470,삼부토건,산업재,자본재,20230119
023160,태광,산업재,자본재,20230119
099320,쎄트렉아이,산업재,자본재,20230119
300720,한일시멘트,산업재,자본재,20230119
053690,한미글로벌,산업재,자본재,20230119
032820,우리기술,산업재,자본재,20230119
014620,성광벤드,산업재,자본재,20230119
012630,HDC,산업재,자본재,20230119
011700,한신기계,산업재,자본재,20230119
000490,대동,산업재,자본재,20230119
282880,코윈테크,산업재,자본재,20230119
006910,보성파워텍,산업재,자본재,20230119
108490,로보티즈,산업재,자본재,20230119
090360,로보스타,산업재,자본재,20230119
013030,하이록코리아,산업재,자본재,20230119
104460,디와이피엔에프,산업재,자본재,20230119
025900,동화기업,산업재,자본재,20230119
023410,유진기업,산업재,자본재,20230119
004980,성신양회,산업재,자본재,20230119
073640,테라사이언스,산업재,자본재,20230119
348340,뉴로메카,산업재,자본재,20230119
011760,현대코퍼레이션,산업재,자본재,20230119
049180,셀루메드,산업재,자본재,20230119
036890,진성티이씨,산업재,자본재,20230119
002150,도화엔지니어링,산업재,자본재,20230119
183190,아세아시멘트,산업재,자본재,20230119
001520,동양,산업재,자본재,20230119
002990,금호건설,산업재,자본재,20230119
045100,한양이엔지,산업재,자본재,20230119
038500,삼표시멘트,산업재,자본재,20230119
002020,코오롱,산업재,자본재,20230119
126340,비나텍,산업재,자본재,20230119
035890,서희건설,산업재,자본재,20230119
019210,와이지-원,산업재,자본재,20230119
013120,동원개발,산업재,자본재,20230119
066980,이엔코퍼레이션,산업재,자본재,20230119
075580,세진중공업,산업재,자본재,20230119
094820,일진파워,산업재,자본재,20230119
003300,한일홀딩스,산업재,자본재,20230119
095190,이엠코리아,산업재,자본재,20230119
079430,현대리바트,산업재,자본재,20230119
114190,강원에너지,산업재,자본재,20230119
009160,SIMPAC,산업재,자본재,20230119
297090,씨에스베어링,산업재,자본재,20230119
109610,에스와이,산업재,자본재,20230119
382900,범한퓨얼셀,산업재,자본재,20230119
003070,코오롱글로벌,산업재,자본재,20230119
195990,에이비프로바이오,산업재,자본재,20230119
036190,금화피에스시,산업재,자본재,20230119
388720,유일로보틱스,산업재,자본재,20230119
064820,케이프,산업재,자본재,20230119
001880,DL건설,산업재,자본재,20230119
033100,제룡전기,산업재,자본재,20230119
105840,우진,산업재,자본재,20230119
065450,빅텍,산업재,자본재,20230119
011370,서한,산업재,자본재,20230119
026150,특수건설,산업재,자본재,20230119
060310,3S,산업재,자본재,20230119
016800,퍼시스,산업재,자본재,20230119
002780,진흥기업,산업재,자본재,20230119
015230,대창단조,산업재,자본재,20230119
013580,계룡건설,산업재,자본재,20230119
028100,동아지질,산업재,자본재,20230119
001250,GS글로벌,산업재,자본재,20230119
203650,드림시큐리티,산업재,자본재,20230119
007820,에스엠코어,산업재,자본재,20230119
007210,벽산,산업재,자본재,20230119
388050,지투파워,산업재,자본재,20230119
274090,켄코아에어로스페이스,산업재,자본재,20230119
037440,희림,산업재,자본재,20230119
036560,영풍정밀,산업재,자본재,20230119
010820,퍼스텍,산업재,자본재,20230119
361390,제노코,산업재,자본재,20230119
013570,디와이,산업재,자본재,20230119
004380,삼익THK,산업재,자본재,20230119
277880,티에스아이,산업재,자본재,20230119
000390,삼화페인트,산업재,자본재,20230119
018310,삼목에스폼,산업재,자본재,20230119
014280,금강공업,산업재,자본재,20230119
210540,디와이파워,산업재,자본재,20230119
041590,플래스크,산업재,자본재,20230119
140670,알에스오토메이션,산업재,자본재,20230119
067390,아스트,산업재,자본재,20230119
043220,티에스넥스젠,산업재,자본재,20230119
060370,KT서브마린,산업재,자본재,20230119
044060,조광ILI,산업재,자본재,20230119
214430,아이쓰리시스템,산업재,자본재,20230119
317850,대모,산업재,자본재,20230119
015860,일진홀딩스,산업재,자본재,20230119
103590,일진전기,산업재,자본재,20230119
065950,웰크론,산업재,자본재,20230119
090350,노루페인트,산업재,자본재,20230119
060560,홈센타홀딩스,산업재,자본재,20230119
109860,동일금속,산업재,자본재,20230119
084180,수성샐바시온,산업재,자본재,20230119
019990,에너토크,산업재,자본재,20230119
042370,비츠로테크,산업재,자본재,20230119
039570,HDC랩스,산업재,자본재,20230119
016880,웅진,산업재,자본재,20230119
025750,한솔홈데코,산업재,자본재,20230119
159010,아스플로,산업재,자본재,20230119
051490,나라엠앤디,산업재,자본재,20230119
225530,보광산업,산업재,자본재,20230119
229640,LS전선아시아,산업재,자본재,20230119
017550,수산중공업,산업재,자본재,20230119
014200,광림,산업재,자본재,20230119
186230,그린플러스,산업재,자본재,20230119
041440,현대에버다임,산업재,자본재,20230119
389500,에스비비테크,산업재,자본재,20230119
000860,강남제비스코,산업재,자본재,20230119
317400,자이에스앤디,산업재,자본재,20230119
005870,휴니드,산업재,자본재,20230119
004960,한신공영,산업재,자본재,20230119
017040,광명전기,산업재,자본재,20230119
024810,이화전기,산업재,자본재,20230119
076080,웰크론한텍,산업재,자본재,20230119
206400,베노홀딩스,산업재,자본재,20230119
071970,STX중공업,산업재,자본재,20230119
005960,동부건설,산업재,자본재,20230119
105740,디케이락,산업재,자본재,20230119
003010,혜인,산업재,자본재,20230119
010960,삼호개발,산업재,자본재,20230119
071670,에이테크솔루션,산업재,자본재,20230119
053590,한국테크놀로지,산업재,자본재,20230119
002460,화성산업,산업재,자본재,20230119
129920,대성하이텍,산업재,자본재,20230119
086670,비엠티,산업재,자본재,20230119
024880,케이피에프,산업재,자본재,20230119
000500,가온전선,산업재,자본재,20230119
006390,한일현대시멘트,산업재,자본재,20230119
007110,일신석재,산업재,자본재,20230119
006340,대원전선,산업재,자본재,20230119
014940,오리엔탈정공,산업재,자본재,20230119
002410,범양건영,산업재,자본재,20230119
101930,인화정공,산업재,자본재,20230119
049430,코메론,산업재,자본재,20230119
058730,다스코,산업재,자본재,20230119
085310,엔케이,산업재,자본재,20230119
014790,HL D&I,산업재,자본재,20230119
090410,덕신하우징,산업재,자본재,20230119
053080,원방테크,산업재,자본재,20230119
013700,까뮤이앤씨,산업재,자본재,20230119
066620,국보디자인,산업재,자본재,20230119
099440,스맥,산업재,자본재,20230119
077970,STX엔진,산업재,자본재,20230119
097230,HJ중공업,산업재,자본재,20230119
021320,KCC건설,산업재,자본재,20230119
091590,남화토건,산업재,자본재,20230119
230980,에이트원,산업재,자본재,20230119
054930,유신,산업재,자본재,20230119
009410,태영건설,산업재,자본재,20230119
004910,조광페인트,산업재,자본재,20230119
008250,이건산업,산업재,자본재,20230119
051980,중앙디앤엠,산업재,자본재,20230119
100840,SNT에너지,산업재,자본재,20230119
013360,일성건설,산업재,자본재,20230119
000910,유니온,산업재,자본재,20230119
017000,신원종합개발,산업재,자본재,20230119
309930,오하임아이엔티,산업재,자본재,20230119
049800,우진플라임,산업재,자본재,20230119
417970,모델솔루션,산업재,자본재,20230119
016250,SGC이테크건설,산업재,자본재,20230119
001840,이화공영,산업재,자본재,20230119
101170,우림피티에스,산업재,자본재,20230119
006050,국영지앤엠,산업재,자본재,20230119
096350,대창솔루션,산업재,자본재,20230119
119650,KC코트렐,산업재,자본재,20230119
054180,메디콕스,산업재,자본재,20230119
000320,노루홀딩스,산업재,자본재,20230119
089140,넥스턴바이오,산업재,자본재,20230119
015590,큐로,산업재,자본재,20230119
171120,라이온켐텍,산업재,자본재,20230119
046940,우원개발,산업재,자본재,20230119
226360,KH 건설,산업재,자본재,20230119
108380,대양전기공업,산업재,자본재,20230119
092460,한라IMS,산업재,자본재,20230119
042940,상지카일룸,산업재,자본재,20230119
037350,성도이엔지,산업재,자본재,20230119
034300,신세계건설,산업재,자본재,20230119
004870,티웨이홀딩스,산업재,자본재,20230119
119850,지엔씨에너지,산업재,자본재,20230119
010660,화천기계,산업재,자본재,20230119
038010,제일테크노스,산업재,자본재,20230119
011390,부산산업,산업재,자본재,20230119
001260,남광토건,산업재,자본재,20230119
011560,세보엠이씨,산업재,자본재,20230119
050860,아세아텍,산업재,자본재,20230119
009440,KC그린홀딩스,산업재,자본재,20230119
000850,화천기공,산업재,자본재,20230119
022220,TKG애강,산업재,자본재,20230119
147830,제룡산업,산업재,자본재,20230119
054540,삼영엠텍,산업재,자본재,20230119
039020,이건홀딩스,산업재,자본재,20230119
189860,서전기전,산업재,자본재,20230119
025950,동신건설,산업재,자본재,20230119
198440,고려시멘트,산업재,자본재,20230119
011810,STX,산업재,자본재,20230119
010240,흥국,산업재,자본재,20230119
044780,에이치케이,산업재,자본재,20230119
005750,대림B&Co,산업재,자본재,20230119
023350,한국종합기술,산업재,자본재,20230119
011090,에넥스,산업재,자본재,20230119
008470,부스타,산업재,자본재,20230119
255220,SG,산업재,자본재,20230119
199820,제일전기공업,산업재,자본재,20230119
039610,화성밸브,산업재,자본재,20230119
065570,삼영이엔씨,산업재,자본재,20230119
033540,파라텍,산업재,자본재,20230119
092440,기신정기,산업재,자본재,20230119
024840,KBI메탈,산업재,자본재,20230119
017510,세명전기,산업재,자본재,20230119
006920,모헨즈,산업재,자본재,20230119
221840,하이즈항공,산업재,자본재,20230119
119500,포메탈,산업재,자본재,20230119
004440,삼일씨엔에스,산업재,자본재,20230119
002290,삼일기업공사,산업재,자본재,20230119
100660,서암기계공업,산업재,자본재,20230119
023960,에쓰씨엔지니어링,산업재,자본재,20230119
228340,동양파일,산업재,자본재,20230119
138070,신진에스엠,산업재,자본재,20230119
099410,동방선기,산업재,자본재,20230119
008830,대동기어,산업재,자본재,20230119
048770,TPC,산업재,자본재,20230119
035200,프럼파스트,산업재,자본재,20230119
317830,에스피시스템스,산업재,자본재,20230119
043340,에쎈테크,산업재,자본재,20230119
073010,케이에스피,산업재,자본재,20230119
010400,우진아이엔에스,산업재,자본재,20230119
060260,뉴보텍,산업재,자본재,20230119
134790,시디즈,산업재,자본재,20230119
237750,피앤씨테크,산업재,자본재,20230119
333430,일승,산업재,자본재,20230119
192390,윈하이텍,산업재,자본재,20230119
044180,KD,산업재,자본재,20230119
071950,코아스,산업재,자본재,20230119
101000,상상인인더스트리,산업재,자본재,20230119
007680,대원,산업재,자본재,20230119
079000,와토스코리아,산업재,자본재,20230119
059270,해성티피씨,산업재,자본재,20230119
053160,프리엠스,산업재,자본재,20230119
079650,서산,산업재,자본재,20230119
073190,듀오백,산업재,자본재,20230119
006570,대림통상,산업재,자본재,20230119
012750,에스원,산업재,상업서비스와공급품,20230119
030190,NICE평가정보,산업재,상업서비스와공급품,20230119
034310,NICE,산업재,상업서비스와공급품,20230119
060150,인선이엔티,산업재,상업서비스와공급품,20230119
122900,아이마켓코리아,산업재,상업서비스와공급품,20230119
143240,사람인에이치알,산업재,상업서비스와공급품,20230119
029960,코엔텍,산업재,상업서비스와공급품,20230119
036800,나이스정보통신,산업재,상업서비스와공급품,20230119
090850,현대이지웰,산업재,상업서비스와공급품,20230119
043910,자연과환경,산업재,상업서비스와공급품,20230119
377450,리파인,산업재,상업서비스와공급품,20230119
130580,나이스디앤비,산업재,상업서비스와공급품,20230119
058850,KTcs,산업재,상업서비스와공급품,20230119
034950,한국기업평가,산업재,상업서비스와공급품,20230119
049720,고려신용정보,산업재,상업서비스와공급품,20230119
058860,KTis,산업재,상업서비스와공급품,20230119
005110,한창,산업재,상업서비스와공급품,20230119
092130,이크레더블,산업재,상업서비스와공급품,20230119
036120,SCI평가정보,산업재,상업서비스와공급품,20230119
030960,양지사,산업재,상업서비스와공급품,20230119
094280,효성ITX,산업재,상업서비스와공급품,20230119
069140,누리플랜,산업재,상업서비스와공급품,20230119
033050,제이엠아이,산업재,상업서비스와공급품,20230119
011200,HMM,산업재,운송,20230119
003490,대한항공,산업재,운송,20230119
088980,맥쿼리인프라,산업재,운송,20230119
086280,현대글로비스,산업재,운송,20230119
180640,한진칼,산업재,운송,20230119
028670,팬오션,산업재,운송,20230119
000120,CJ대한통운,산업재,운송,20230119
020560,아시아나항공,산업재,운송,20230119
004360,세방,산업재,운송,20230119
089590,제주항공,산업재,운송,20230119
403550,쏘카,산업재,운송,20230119
089860,롯데렌탈,산업재,운송,20230119
272450,진에어,산업재,운송,20230119
003100,선광,산업재,운송,20230119
319400,현대무벡스,산업재,운송,20230119
005880,대한해운,산업재,운송,20230119
003280,흥아해운,산업재,운송,20230119
298690,에어부산,산업재,운송,20230119
002320,한진,산업재,운송,20230119
091810,티웨이항공,산업재,운송,20230119
044450,KSS해운,산업재,운송,20230119
009070,KCTC,산업재,운송,20230119
004140,동방,산업재,운송,20230119
067900,와이엔텍,산업재,운송,20230119
000700,유수홀딩스,산업재,운송,20230119
124560,태웅로직스,산업재,운송,20230119
068400,SK렌터카,산업재,운송,20230119
095570,AJ네트웍스,산업재,운송,20230119
001140,국보,산업재,운송,20230119
010600,웰바이오텍,산업재,운송,20230119
009180,한솔로지스틱스,산업재,운송,20230119
005430,한국공항,산업재,운송,20230119
155900,바다로19호,산업재,운송,20230119
065710,서호전기,산업재,운송,20230119
014130,한익스프레스,산업재,운송,20230119
038390,레드캡투어,산업재,운송,20230119
024800,유성티엔에스,산업재,운송,20230119
129260,인터지스,산업재,운송,20230119
040610,SG&G,산업재,운송,20230119
045340,토탈소프트,산업재,운송,20230119
032280,삼일,산업재,운송,20230119
084670,동양고속,산업재,운송,20230119
000650,천일고속,산업재,운송,20230119
005380,현대차,경기관련소비재,자동차와부품,20230119
000270,기아,경기관련소비재,자동차와부품,20230119
012330,현대모비스,경기관련소비재,자동차와부품,20230119
161390,한국타이어앤테크놀로지,경기관련소비재,자동차와부품,20230119
018880,한온시스템,경기관련소비재,자동차와부품,20230119
204320,HL만도,경기관련소비재,자동차와부품,20230119
011210,현대위아,경기관련소비재,자동차와부품,20230119
005850,에스엘,경기관련소비재,자동차와부품,20230119
004490,세방전지,경기관련소비재,자동차와부품,20230119
064960,SNT모티브,경기관련소비재,자동차와부품,20230119
025540,한국단자,경기관련소비재,자동차와부품,20230119
271940,일진하이솔루스,경기관련소비재,자동차와부품,20230119
000240,한국앤컴퍼니,경기관련소비재,자동차와부품,20230119
009900,명신산업,경기관련소비재,자동차와부품,20230119
073240,금호타이어,경기관련소비재,자동차와부품,20230119
007340,DN오토모티브,경기관련소비재,자동차와부품,20230119
060980,HL홀딩스,경기관련소비재,자동차와부품,20230119
015750,성우하이텍,경기관련소비재,자동차와부품,20230119
002350,넥센타이어,경기관련소비재,자동차와부품,20230119
118990,모트렉스,경기관련소비재,자동차와부품,20230119
038880,아이에이,경기관련소비재,자동차와부품,20230119
010690,화신,경기관련소비재,자동차와부품,20230119
214330,금호에이치티,경기관련소비재,자동차와부품,20230119
123040,엠에스오토텍,경기관련소비재,자동차와부품,20230119
000430,대원강업,경기관련소비재,자동차와부품,20230119
088290,이원컴포텍,경기관련소비재,자동차와부품,20230119
126600,BGF에코머티리얼즈,경기관련소비재,자동차와부품,20230119
200880,서연이화,경기관련소비재,자동차와부품,20230119
122350,삼기,경기관련소비재,자동차와부품,20230119
003570,SNT중공업,경기관련소비재,자동차와부품,20230119
033530,세종공업,경기관련소비재,자동차와부품,20230119
036530,SNT홀딩스,경기관련소비재,자동차와부품,20230119
005720,넥센,경기관련소비재,자동차와부품,20230119
066590,우수AMS,경기관련소비재,자동차와부품,20230119
007860,서연,경기관련소비재,자동차와부품,20230119
353590,오토앤,경기관련소비재,자동차와부품,20230119
105550,트루윈,경기관련소비재,자동차와부품,20230119
215360,우리산업,경기관련소비재,자동차와부품,20230119
092200,디아이씨,경기관련소비재,자동차와부품,20230119
041930,동아화성,경기관련소비재,자동차와부품,20230119
013720,CBI,경기관련소비재,자동차와부품,20230119
234100,폴라리스세원,경기관련소비재,자동차와부품,20230119
009680,모토닉,경기관련소비재,자동차와부품,20230119
043370,피에이치에이,경기관련소비재,자동차와부품,20230119
010580,에스엠벡셀,경기관련소비재,자동차와부품,20230119
013310,아진산업,경기관련소비재,자동차와부품,20230119
067570,엔브이에이치코리아,경기관련소비재,자동차와부품,20230119
012200,계양전기,경기관련소비재,자동차와부품,20230119
011320,유니크,경기관련소비재,자동차와부품,20230119
308170,센트랄모텍,경기관련소비재,자동차와부품,20230119
023800,인지컨트롤스,경기관련소비재,자동차와부품,20230119
089470,HDC현대EP,경기관련소비재,자동차와부품,20230119
053700,삼보모터스,경기관련소비재,자동차와부품,20230119
012860,모베이스전자,경기관련소비재,자동차와부품,20230119
038110,에코플라스틱,경기관련소비재,자동차와부품,20230119
024740,한일단조,경기관련소비재,자동차와부품,20230119
047400,유니온머티리얼,경기관련소비재,자동차와부품,20230119
282690,동아타이어,경기관련소비재,자동차와부품,20230119
265560,영화테크,경기관련소비재,자동차와부품,20230119
010100,한국프랜지,경기관련소비재,자동차와부품,20230119
009320,대우부품,경기관련소비재,자동차와부품,20230119
045520,크린앤사이언스,경기관련소비재,자동차와부품,20230119
170030,현대공업,경기관련소비재,자동차와부품,20230119
000300,대유플러스,경기관련소비재,자동차와부품,20230119
024900,덕양산업,경기관련소비재,자동차와부품,20230119
025440,대성엘텍,경기관련소비재,자동차와부품,20230119
104040,대성파인텍,경기관련소비재,자동차와부품,20230119
123410,코리아에프티,경기관련소비재,자동차와부품,20230119
005710,대원산업,경기관련소비재,자동차와부품,20230119
101330,모베이스,경기관련소비재,자동차와부품,20230119
031510,오스템,경기관련소비재,자동차와부품,20230119
021820,세원정공,경기관련소비재,자동차와부품,20230119
002880,대유에이텍,경기관련소비재,자동차와부품,20230119
006660,삼성공조,경기관련소비재,자동차와부품,20230119
023000,삼원강재,경기관련소비재,자동차와부품,20230119
007530,영신금속,경기관련소비재,자동차와부품,20230119
019180,티에이치엔,경기관련소비재,자동차와부품,20230119
013870,지엠비코리아,경기관련소비재,자동차와부품,20230119
002920,유성기업,경기관련소비재,자동차와부품,20230119
016740,두올,경기관련소비재,자동차와부품,20230119
024910,경창산업,경기관련소비재,자동차와부품,20230119
013520,화승코퍼레이션,경기관련소비재,자동차와부품,20230119
023810,인팩,경기관련소비재,자동차와부품,20230119
046070,코다코,경기관련소비재,자동차와부품,20230119
075180,새론오토모티브,경기관련소비재,자동차와부품,20230119
017370,우신시스템,경기관련소비재,자동차와부품,20230119
145210,다이나믹디자인,경기관련소비재,자동차와부품,20230119
018500,동원금속,경기관련소비재,자동차와부품,20230119
001620,케이비아이동국실업,경기관련소비재,자동차와부품,20230119
005030,부산주공,경기관련소비재,자동차와부품,20230119
378850,화승알앤에이,경기관련소비재,자동차와부품,20230119
241690,유니테크노,경기관련소비재,자동차와부품,20230119
126640,화신정공,경기관련소비재,자동차와부품,20230119
004100,태양금속,경기관련소비재,자동차와부품,20230119
123700,SJM,경기관련소비재,자동차와부품,20230119
154040,솔루에타,경기관련소비재,자동차와부품,20230119
085910,네오티스,경기관련소비재,자동차와부품,20230119
041650,상신브레이크,경기관련소비재,자동차와부품,20230119
071850,캐스텍코리아,경기관련소비재,자동차와부품,20230119
054300,팬스타엔터프라이즈,경기관련소비재,자동차와부품,20230119
128540,에코캡,경기관련소비재,자동차와부품,20230119
021650,한국큐빅,경기관련소비재,자동차와부품,20230119
130500,GH신소재,경기관련소비재,자동차와부품,20230119
053270,구영테크,경기관련소비재,자동차와부품,20230119
012280,영화금속,경기관련소비재,자동차와부품,20230119
001380,SG글로벌,경기관련소비재,자동차와부품,20230119
019770,서연탑메탈,경기관련소비재,자동차와부품,20230119
310870,디와이씨,경기관련소비재,자동차와부품,20230119
065500,오리엔트정공,경기관련소비재,자동차와부품,20230119
048430,유라테크,경기관련소비재,자동차와부품,20230119
163560,동일고무벨트,경기관련소비재,자동차와부품,20230119
000040,KR모터스,경기관련소비재,자동차와부품,20230119
080470,성창오토텍,경기관련소비재,자동차와부품,20230119
092780,동양피스톤,경기관련소비재,자동차와부품,20230119
090080,평화산업,경기관련소비재,자동차와부품,20230119
093380,풍강,경기관련소비재,자동차와부품,20230119
090150,아이윈,경기관련소비재,자동차와부품,20230119
143210,핸즈코퍼레이션,경기관련소비재,자동차와부품,20230119
010770,평화홀딩스,경기관련소비재,자동차와부품,20230119
212560,네오오토,경기관련소비재,자동차와부품,20230119
122690,서진오토모티브,경기관련소비재,자동차와부품,20230119
004840,DRB동일,경기관련소비재,자동차와부품,20230119
019540,일지테크,경기관련소비재,자동차와부품,20230119
113810,디젠스,경기관련소비재,자동차와부품,20230119
024830,세원물산,경기관련소비재,자동차와부품,20230119
033250,체시스,경기관련소비재,자동차와부품,20230119
001420,태원물산,경기관련소비재,자동차와부품,20230119
072470,우리산업홀딩스,경기관련소비재,자동차와부품,20230119
053060,세동,경기관련소비재,자동차와부품,20230119
290120,대유에이피,경기관련소비재,자동차와부품,20230119
130740,티피씨글로벌,경기관련소비재,자동차와부품,20230119
161570,THE MIDONG,경기관련소비재,자동차와부품,20230119
025530,SJM홀딩스,경기관련소비재,자동차와부품,20230119
024120,KB오토시스,경기관련소비재,자동차와부품,20230119
020400,대동금속,경기관련소비재,자동차와부품,20230119
051900,LG생활건강,경기관련소비재,내구소비재와의류,20230119
090430,아모레퍼시픽,경기관련소비재,내구소비재와의류,20230119
021240,코웨이,경기관련소비재,내구소비재와의류,20230119
383220,F&F,경기관련소비재,내구소비재와의류,20230119
081660,휠라홀딩스,경기관련소비재,내구소비재와의류,20230119
002790,아모레G,경기관련소비재,내구소비재와의류,20230119
298020,효성티앤씨,경기관련소비재,내구소비재와의류,20230119
048410,현대바이오,경기관련소비재,내구소비재와의류,20230119
111770,영원무역,경기관련소비재,내구소비재와의류,20230119
161890,한국콜마,경기관련소비재,내구소비재와의류,20230119
192820,코스맥스,경기관련소비재,내구소비재와의류,20230119
007700,F&F홀딩스,경기관련소비재,내구소비재와의류,20230119
020000,한섬,경기관련소비재,내구소비재와의류,20230119
009970,영원무역홀딩스,경기관련소비재,내구소비재와의류,20230119
031430,신세계인터내셔날,경기관련소비재,내구소비재와의류,20230119
093050,LF,경기관련소비재,내구소비재와의류,20230119
105630,한세실업,경기관련소비재,내구소비재와의류,20230119
298540,더네이쳐홀딩스,경기관련소비재,내구소비재와의류,20230119
009450,경동나비엔,경기관련소비재,내구소비재와의류,20230119
001530,DI동일,경기관련소비재,내구소비재와의류,20230119
241590,화승엔터프라이즈,경기관련소비재,내구소비재와의류,20230119
018250,애경산업,경기관련소비재,내구소비재와의류,20230119
024720,한국콜마홀딩스,경기관련소비재,내구소비재와의류,20230119
284740,쿠쿠홈시스,경기관련소비재,내구소비재와의류,20230119
006060,화승인더,경기관련소비재,내구소비재와의류,20230119
052260,현대바이오랜드,경기관련소비재,내구소비재와의류,20230119
270660,에브리봇,경기관련소비재,내구소비재와의류,20230119
065350,신성델타테크,경기관련소비재,내구소비재와의류,20230119
003610,방림,경기관련소비재,내구소비재와의류,20230119
244460,올리패스,경기관련소비재,내구소비재와의류,20230119
036620,감성코퍼레이션,경기관련소비재,내구소비재와의류,20230119
110790,크리스에프앤씨,경기관련소비재,내구소비재와의류,20230119
005390,신성통상,경기관련소비재,내구소비재와의류,20230119
214260,라파스,경기관련소비재,내구소비재와의류,20230119
033290,코웰패션,경기관련소비재,내구소비재와의류,20230119
000050,경방,경기관련소비재,내구소비재와의류,20230119
002700,신일전자,경기관련소비재,내구소비재와의류,20230119
018290,브이티지엠피,경기관련소비재,내구소비재와의류,20230119
001070,대한방직,경기관련소비재,내구소비재와의류,20230119
003200,일신방직,경기관련소비재,내구소비재와의류,20230119
192400,쿠쿠홀딩스,경기관련소비재,내구소비재와의류,20230119
044340,위닉스,경기관련소비재,내구소비재와의류,20230119
056080,유진로봇,경기관련소비재,내구소비재와의류,20230119
092730,네오팜,경기관련소비재,내구소비재와의류,20230119
121440,골프존뉴딘홀딩스,경기관련소비재,내구소비재와의류,20230119
237880,클리오,경기관련소비재,내구소비재와의류,20230119
035150,백산,경기관련소비재,내구소비재와의류,20230119
337930,브랜드엑스코퍼레이션,경기관련소비재,내구소비재와의류,20230119
126560,현대퓨처넷,경기관련소비재,내구소비재와의류,20230119
366030,공구우먼,경기관련소비재,내구소비재와의류,20230119
004700,조광피혁,경기관련소비재,내구소비재와의류,20230119
064800,젬백스링크,경기관련소비재,내구소비재와의류,20230119
013990,아가방컴퍼니,경기관련소비재,내구소비재와의류,20230119
027050,코리아나,경기관련소비재,내구소비재와의류,20230119
226320,잇츠한불,경기관련소비재,내구소비재와의류,20230119
037070,파세코,경기관련소비재,내구소비재와의류,20230119
068290,삼성출판사,경기관련소비재,내구소비재와의류,20230119
001460,BYC,경기관련소비재,내구소비재와의류,20230119
352480,씨앤씨인터내셔널,경기관련소비재,내구소비재와의류,20230119
009270,신원,경기관련소비재,내구소비재와의류,20230119
102280,쌍방울,경기관련소비재,내구소비재와의류,20230119
306040,에스제이그룹,경기관련소비재,내구소비재와의류,20230119
090370,메타랩스,경기관련소비재,내구소비재와의류,20230119
168330,내츄럴엔도텍,경기관련소비재,내구소비재와의류,20230119
002170,삼양통상,경기관련소비재,내구소비재와의류,20230119
079980,휴비스,경기관련소비재,내구소비재와의류,20230119
194370,제이에스코퍼레이션,경기관련소비재,내구소비재와의류,20230119
241710,코스메카코리아,경기관련소비재,내구소비재와의류,20230119
084680,이월드,경기관련소비재,내구소비재와의류,20230119
011330,유니켐,경기관련소비재,내구소비재와의류,20230119
123690,한국화장품,경기관련소비재,내구소비재와의류,20230119
352700,씨앤투스,경기관련소비재,내구소비재와의류,20230119
042600,새로닉스,경기관련소비재,내구소비재와의류,20230119
024950,삼천리자전거,경기관련소비재,내구소비재와의류,20230119
159580,제로투세븐,경기관련소비재,내구소비재와의류,20230119
002450,삼익악기,경기관련소비재,내구소비재와의류,20230119
114840,아이패밀리에스씨,경기관련소비재,내구소비재와의류,20230119
067170,오텍,경기관련소비재,내구소비재와의류,20230119
005320,국동,경기관련소비재,내구소비재와의류,20230119
078520,에이블씨엔씨,경기관련소비재,내구소비재와의류,20230119
004060,SG세계물산,경기관련소비재,내구소비재와의류,20230119
014470,부방,경기관련소비재,내구소비재와의류,20230119
016090,대현,경기관련소비재,내구소비재와의류,20230119
003350,한국화장품제조,경기관련소비재,내구소비재와의류,20230119
004830,덕성,경기관련소비재,내구소비재와의류,20230119
024890,대원화성,경기관련소비재,내구소비재와의류,20230119
260930,씨티케이,경기관련소비재,내구소비재와의류,20230119
005800,신영와코루,경기관련소비재,내구소비재와의류,20230119
088390,이녹스,경기관련소비재,내구소비재와의류,20230119
019660,글로본,경기관련소비재,내구소비재와의류,20230119
066910,손오공,경기관련소비재,내구소비재와의류,20230119
159910,스킨앤스킨,경기관련소비재,내구소비재와의류,20230119
024940,PN풍년,경기관련소비재,내구소비재와의류,20230119
082660,코스나인,경기관련소비재,내구소비재와의류,20230119
083550,케이엠,경기관련소비재,내구소비재와의류,20230119
007980,태평양물산,경기관련소비재,내구소비재와의류,20230119
014990,인디에프,경기관련소비재,내구소비재와의류,20230119
011300,성안,경기관련소비재,내구소비재와의류,20230119
039830,오로라,경기관련소비재,내구소비재와의류,20230119
050120,ES큐브,경기관련소비재,내구소비재와의류,20230119
114630,폴라리스우노,경기관련소비재,내구소비재와의류,20230119
005360,모나미,경기관련소비재,내구소비재와의류,20230119
032940,원익,경기관련소비재,내구소비재와의류,20230119
018700,바른손,경기관련소비재,내구소비재와의류,20230119
066130,하츠,경기관련소비재,내구소비재와의류,20230119
252500,세화피앤씨,경기관련소비재,내구소비재와의류,20230119
376180,피코그램,경기관련소비재,내구소비재와의류,20230119
265740,엔에프씨,경기관련소비재,내구소비재와의류,20230119
016450,한세예스24홀딩스,경기관련소비재,내구소비재와의류,20230119
026040,제이에스티나,경기관련소비재,내구소비재와의류,20230119
214420,토니모리,경기관련소비재,내구소비재와의류,20230119
204020,그리티,경기관련소비재,내구소비재와의류,20230119
365900,브이씨,경기관련소비재,내구소비재와의류,20230119
369370,블리츠웨이,경기관련소비재,내구소비재와의류,20230119
000950,전방,경기관련소비재,내구소비재와의류,20230119
008600,윌비스,경기관련소비재,내구소비재와의류,20230119
071460,위니아,경기관련소비재,내구소비재와의류,20230119
215480,토박스코리아,경기관련소비재,내구소비재와의류,20230119
111110,호전실업,경기관련소비재,내구소비재와의류,20230119
267790,배럴,경기관련소비재,내구소비재와의류,20230119
069640,한세엠케이,경기관련소비재,내구소비재와의류,20230119
002070,비비안,경기관련소비재,내구소비재와의류,20230119
123750,알톤스포츠,경기관련소비재,내구소비재와의류,20230119
093240,형지엘리트,경기관련소비재,내구소비재와의류,20230119
086710,선진뷰티사이언스,경기관련소비재,내구소비재와의류,20230119
025620,제이준코스메틱,경기관련소비재,내구소비재와의류,20230119
317870,엔바이오니아,경기관련소비재,내구소비재와의류,20230119
217480,에스디생명공학,경기관련소비재,내구소비재와의류,20230119
256150,한독크린텍,경기관련소비재,내구소비재와의류,20230119
065060,지엔코,경기관련소비재,내구소비재와의류,20230119
047770,코데즈컴바인,경기관련소비재,내구소비재와의류,20230119
123330,제닉,경기관련소비재,내구소비재와의류,20230119
227610,아우딘퓨쳐스,경기관련소비재,내구소비재와의류,20230119
226340,본느,경기관련소비재,내구소비재와의류,20230119
014100,메디앙스,경기관련소비재,내구소비재와의류,20230119
323230,엠에프엠코리아,경기관련소비재,내구소비재와의류,20230119
032080,아즈텍WB,경기관련소비재,내구소비재와의류,20230119
263020,디케이앤디,경기관련소비재,내구소비재와의류,20230119
008290,원풍물산,경기관련소비재,내구소비재와의류,20230119
000680,LS네트웍스,경기관련소비재,내구소비재와의류,20230119
335870,윙스풋,경기관련소비재,내구소비재와의류,20230119
234920,자이글,경기관련소비재,내구소비재와의류,20230119
083660,CSA 코스믹,경기관련소비재,내구소비재와의류,20230119
225590,패션플랫폼,경기관련소비재,내구소비재와의류,20230119
084870,TBH글로벌,경기관련소비재,내구소비재와의류,20230119
080530,코디,경기관련소비재,내구소비재와의류,20230119
088790,진도,경기관련소비재,내구소비재와의류,20230119
011080,형지I&C,경기관련소비재,내구소비재와의류,20230119
308100,까스텔바작,경기관련소비재,내구소비재와의류,20230119
098660,에스티오,경기관련소비재,내구소비재와의류,20230119
263920,휴엠앤씨,경기관련소비재,내구소비재와의류,20230119
035250,강원랜드,경기관련소비재,"호텔,레스토랑,레저등",20230119
008770,호텔신라,경기관련소비재,"호텔,레스토랑,레저등",20230119
034230,파라다이스,경기관련소비재,"호텔,레스토랑,레저등",20230119
039130,하나투어,경기관련소비재,"호텔,레스토랑,레저등",20230119
114090,GKL,경기관련소비재,"호텔,레스토랑,레저등",20230119
215000,골프존,경기관련소비재,"호텔,레스토랑,레저등",20230119
032350,롯데관광개발,경기관련소비재,"호텔,레스토랑,레저등",20230119
025980,아난티,경기관련소비재,"호텔,레스토랑,레저등",20230119
080160,모두투어,경기관련소비재,"호텔,레스토랑,레저등",20230119
006730,서부T&D,경기관련소비재,"호텔,레스토랑,레저등",20230119
094850,참좋은여행,경기관련소비재,"호텔,레스토랑,레저등",20230119
070960,용평리조트,경기관련소비재,"호텔,레스토랑,레저등",20230119
031440,신세계푸드,경기관련소비재,"호텔,레스토랑,레저등",20230119
020710,시공테크,경기관련소비재,"호텔,레스토랑,레저등",20230119
217620,디딤이앤에프,경기관련소비재,"호텔,레스토랑,레저등",20230119
080010,이상네트웍스,경기관련소비재,"호텔,레스토랑,레저등",20230119
111710,남화산업,경기관련소비재,"호텔,레스토랑,레저등",20230119
139480,이마트,경기관련소비재,소매(유통),20230119
004170,신세계,경기관련소비재,소매(유통),20230119
282330,BGF리테일,경기관련소비재,소매(유통),20230119
023530,롯데쇼핑,경기관련소비재,소매(유통),20230119
007070,GS리테일,경기관련소비재,소매(유통),20230119
069960,현대백화점,경기관련소비재,소매(유통),20230119
057050,현대홈쇼핑,경기관련소비재,소매(유통),20230119
119860,커넥트웨이브,경기관련소비재,소매(유통),20230119
063170,서울옥션,경기관련소비재,소매(유통),20230119
060280,큐렉소,경기관련소비재,소매(유통),20230119
381970,케이카,경기관련소비재,소매(유통),20230119
035080,그래디언트,경기관련소비재,소매(유통),20230119
036030,케이티알파,경기관련소비재,소매(유통),20230119
067990,도이치모터스,경기관련소비재,소매(유통),20230119
027410,BGF,경기관련소비재,소매(유통),20230119
071840,롯데하이마트,경기관련소비재,소매(유통),20230119
362320,청담글로벌,경기관련소비재,소매(유통),20230119
037710,광주신세계,경기관련소비재,소매(유통),20230119
257720,실리콘투,경기관련소비재,소매(유통),20230119
009810,플레이그램,경기관련소비재,소매(유통),20230119
043090,엑서지21,경기관련소비재,소매(유통),20230119
053280,예스24,경기관련소비재,소매(유통),20230119
069920,아이에스이커머스,경기관련소비재,소매(유통),20230119
006370,대구백화점,경기관련소비재,소매(유통),20230119
019010,베뉴지,경기관련소비재,소매(유통),20230119
007720,대명소노시즌,경기관련소비재,소매(유통),20230119
102370,케이옥션,경기관련소비재,소매(유통),20230119
067830,세이브존I&C,경기관련소비재,소매(유통),20230119
038620,위즈코프,경기관련소비재,소매(유통),20230119
377460,위니아에이드,경기관련소비재,소매(유통),20230119
013000,세우글로벌,경기관련소비재,소매(유통),20230119
002420,세기상사,경기관련소비재,소매(유통),20230119
051390,YW,경기관련소비재,소매(유통),20230119
064090,에프앤리퍼블릭,경기관련소비재,소매(유통),20230119
215200,메가스터디교육,경기관련소비재,교육서비스,20230119
096240,크레버스,경기관련소비재,교육서비스,20230119
095720,웅진씽크빅,경기관련소비재,교육서비스,20230119
215100,로보로보,경기관련소비재,교육서비스,20230119
072870,메가스터디,경기관련소비재,교육서비스,20230119
068930,디지털대성,경기관련소비재,교육서비스,20230119
067280,멀티캠퍼스,경기관련소비재,교육서비스,20230119
040420,정상제이엘에스,경기관련소비재,교육서비스,20230119
019680,대교,경기관련소비재,교육서비스,20230119
057030,YBM넷,경기관련소비재,교육서비스,20230119
053290,NE능률,경기관련소비재,교육서비스,20230119
100220,비상교육,경기관련소비재,교육서비스,20230119
289010,아이스크림에듀,경기관련소비재,교육서비스,20230119
133750,메가엠디,경기관련소비재,교육서비스,20230119
339950,아이비김영,경기관련소비재,교육서비스,20230119
134060,이퓨쳐,경기관련소비재,교육서비스,20230119
084440,유비온,경기관련소비재,교육서비스,20230119
035290,골드앤에스,경기관련소비재,교육서비스,20230119
051500,CJ프레시웨이,필수소비재,식품과기본식료품소매,20230119
051160,지어소프트,필수소비재,식품과기본식료품소매,20230119
227840,현대코퍼레이션홀딩스,필수소비재,식품과기본식료품소매,20230119
311390,네오크레마,필수소비재,식품과기본식료품소매,20230119
006880,신송홀딩스,필수소비재,식품과기본식료품소매,20230119
004590,한국가구,필수소비재,식품과기본식료품소매,20230119
250000,보라티알,필수소비재,식품과기본식료품소매,20230119
033780,KT&G,필수소비재,"식품,음료,담배",20230119
097950,CJ제일제당,필수소비재,"식품,음료,담배",20230119
271560,오리온,필수소비재,"식품,음료,담배",20230119
004370,농심,필수소비재,"식품,음료,담배",20230119
004990,롯데지주,필수소비재,"식품,음료,담배",20230119
000080,하이트진로,필수소비재,"식품,음료,담배",20230119
006040,동원산업,필수소비재,"식품,음료,담배",20230119
005300,롯데칠성,필수소비재,"식품,음료,담배",20230119
007310,오뚜기,필수소비재,"식품,음료,담배",20230119
026960,동서,필수소비재,"식품,음료,담배",20230119
003230,삼양식품,필수소비재,"식품,음료,담배",20230119
001680,대상,필수소비재,"식품,음료,담배",20230119
001800,오리온홀딩스,필수소비재,"식품,음료,담배",20230119
003380,하림지주,필수소비재,"식품,음료,담배",20230119
140410,메지온,필수소비재,"식품,음료,담배",20230119
280360,롯데제과,필수소비재,"식품,음료,담배",20230119
003580,HLB글로벌,필수소비재,"식품,음료,담배",20230119
016790,카나리아바이오,필수소비재,"식품,음료,담배",20230119
005180,빙그레,필수소비재,"식품,음료,담배",20230119
049770,동원F&B,필수소비재,"식품,음료,담배",20230119
267980,매일유업,필수소비재,"식품,음료,담배",20230119
017810,풀무원,필수소비재,"식품,음료,담배",20230119
003920,남양유업,필수소비재,"식품,음료,담배",20230119
001130,대한제분,필수소비재,"식품,음료,담배",20230119
145990,삼양사,필수소비재,"식품,음료,담배",20230119
035810,이지홀딩스,필수소비재,"식품,음료,담배",20230119
136480,하림,필수소비재,"식품,음료,담배",20230119
005610,SPC삼립,필수소비재,"식품,음료,담배",20230119
136490,선진,필수소비재,"식품,음료,담배",20230119
001790,대한제당,필수소비재,"식품,음료,담배",20230119
072710,농심홀딩스,필수소비재,"식품,음료,담배",20230119
084690,대상홀딩스,필수소비재,"식품,음료,담배",20230119
007160,사조산업,필수소비재,"식품,음료,담배",20230119
005860,한일사료,필수소비재,"식품,음료,담배",20230119
003960,사조대림,필수소비재,"식품,음료,담배",20230119
353810,이지바이오,필수소비재,"식품,음료,담배",20230119
002760,보락,필수소비재,"식품,음료,담배",20230119
004410,서울식품,필수소비재,"식품,음료,담배",20230119
000890,보해양조,필수소비재,"식품,음료,담배",20230119
073560,우리손에프앤지,필수소비재,"식품,음료,담배",20230119
011150,CJ씨푸드,필수소비재,"식품,음료,담배",20230119
000140,하이트진로홀딩스,필수소비재,"식품,음료,담배",20230119
248170,샘표식품,필수소비재,"식품,음료,담배",20230119
004650,창해에탄올,필수소비재,"식품,음료,담배",20230119
276730,제주맥주,필수소비재,"식품,음료,담배",20230119
027740,마니커,필수소비재,"식품,음료,담배",20230119
027710,팜스토리,필수소비재,"식품,음료,담배",20230119
043650,국순당,필수소비재,"식품,음료,담배",20230119
004970,신라교역,필수소비재,"식품,음료,담배",20230119
036580,팜스코,필수소비재,"식품,음료,담배",20230119
008040,사조동아원,필수소비재,"식품,음료,담배",20230119
033920,무학,필수소비재,"식품,음료,담배",20230119
189980,흥국에프엔비,필수소비재,"식품,음료,담배",20230119
101530,해태제과식품,필수소비재,"식품,음료,담배",20230119
023900,풍국주정,필수소비재,"식품,음료,담배",20230119
357230,에이치피오,필수소비재,"식품,음료,담배",20230119
003310,대주산업,필수소비재,"식품,음료,담배",20230119
018120,진로발효,필수소비재,"식품,음료,담배",20230119
002140,고려산업,필수소비재,"식품,음료,담배",20230119
339770,교촌에프앤비,필수소비재,"식품,음료,담배",20230119
007540,샘표,필수소비재,"식품,음료,담배",20230119
005740,크라운해태홀딩스,필수소비재,"식품,음료,담배",20230119
208140,정다운,필수소비재,"식품,음료,담배",20230119
195500,마니커에프앤지,필수소비재,"식품,음료,담배",20230119
002600,조흥,필수소비재,"식품,음료,담배",20230119
277410,인산가,필수소비재,"식품,음료,담배",20230119
260970,에스앤디,필수소비재,"식품,음료,담배",20230119
264900,크라운제과,필수소비재,"식품,음료,담배",20230119
014710,사조씨푸드,필수소비재,"식품,음료,담배",20230119
222980,한국맥널티,필수소비재,"식품,음료,담배",20230119
065150,엠피대산,필수소비재,"식품,음료,담배",20230119
006980,우성,필수소비재,"식품,음료,담배",20230119
005990,매일홀딩스,필수소비재,"식품,음료,담배",20230119
088910,동우팜투테이블,필수소비재,"식품,음료,담배",20230119
290720,푸드나무,필수소비재,"식품,음료,담배",20230119
009780,엠에스씨,필수소비재,"식품,음료,담배",20230119
030720,동원수산,필수소비재,"식품,음료,담배",20230119
368970,오에스피,필수소비재,"식품,음료,담배",20230119
006090,사조오양,필수소비재,"식품,음료,담배",20230119
005670,푸드웰,필수소비재,"식품,음료,담배",20230119
218150,미래생명자원,필수소비재,"식품,음료,담배",20230119
025880,케이씨피드,필수소비재,"식품,음료,담배",20230119
051780,큐로홀딩스,필수소비재,"식품,음료,담배",20230119
023150,MH에탄올,필수소비재,"식품,음료,담배",20230119
103840,우양,필수소비재,"식품,음료,담배",20230119
002680,한탑,필수소비재,"식품,음료,담배",20230119
003680,한성기업,필수소비재,"식품,음료,담배",20230119
025870,신라에스지,필수소비재,"식품,음료,담배",20230119
317240,TS트릴리온,필수소비재,가정용품과개인용품,20230119
012690,모나리자,필수소비재,가정용품과개인용품,20230119
044480,블레이드 Ent,필수소비재,가정용품과개인용품,20230119
203690,프로스테믹스,필수소비재,가정용품과개인용품,20230119
318410,비비씨,필수소비재,가정용품과개인용품,20230119
225430,케이엠제약,필수소비재,가정용품과개인용품,20230119
053620,태양,필수소비재,가정용품과개인용품,20230119
009770,삼정펄프,필수소비재,가정용품과개인용품,20230119
048260,오스템임플란트,건강관리,건강관리장비와서비스,20230119
137310,에스디바이오센서,건강관리,건강관리장비와서비스,20230119
145720,덴티움,건강관리,건강관리장비와서비스,20230119
214450,파마리서치,건강관리,건강관리장비와서비스,20230119
085370,루트로닉,건강관리,건강관리장비와서비스,20230119
287410,제이시스메디칼,건강관리,건강관리장비와서비스,20230119
294090,이오플로우,건강관리,건강관리장비와서비스,20230119
144510,지씨셀,건강관리,건강관리장비와서비스,20230119
099190,아이센스,건강관리,건강관리장비와서비스,20230119
290650,엘앤씨바이오,건강관리,건강관리장비와서비스,20230119
328130,루닛,건강관리,건강관리장비와서비스,20230119
377740,바이오노트,건강관리,건강관리장비와서비스,20230119
119610,인터로조,건강관리,건강관리장비와서비스,20230119
043150,바텍,건강관리,건강관리장비와서비스,20230119
100120,뷰웍스,건강관리,건강관리장비와서비스,20230119
335890,비올,건강관리,건강관리장비와서비스,20230119
256840,한국비엔씨,건강관리,건강관리장비와서비스,20230119
108860,셀바스AI,건강관리,건강관리장비와서비스,20230119
228670,레이,건강관리,건강관리장비와서비스,20230119
039840,디오,건강관리,건강관리장비와서비스,20230119
336570,원텍,건강관리,건강관리장비와서비스,20230119
041830,인바디,건강관리,건강관리장비와서비스,20230119
216080,제테마,건강관리,건강관리장비와서비스,20230119
228760,지노믹트리,건강관리,건강관리장비와서비스,20230119
048870,시너지이노베이션,건강관리,건강관리장비와서비스,20230119
138610,나이벡,건강관리,건강관리장비와서비스,20230119
304840,피플바이오,건강관리,건강관리장비와서비스,20230119
340570,티앤엘,건강관리,건강관리장비와서비스,20230119
214150,클래시스,건강관리,건강관리장비와서비스,20230119
054950,제이브이엠,건강관리,건강관리장비와서비스,20230119
032620,유비케어,건강관리,건강관리장비와서비스,20230119
253840,수젠텍,건강관리,건강관리장비와서비스,20230119
179290,엠아이텍,건강관리,건강관리장비와서비스,20230119
372910,한컴라이프케어,건강관리,건강관리장비와서비스,20230119
311690,CJ 바이오사이언스,건강관리,건강관리장비와서비스,20230119
263700,케어랩스,건강관리,건강관리장비와서비스,20230119
104540,코렌텍,건강관리,건강관리장비와서비스,20230119
226330,신테카바이오,건강관리,건강관리장비와서비스,20230119
099750,이지케어텍,건강관리,건강관리장비와서비스,20230119
042520,한스바이오메드,건강관리,건강관리장비와서비스,20230119
156100,엘앤케이바이오,건강관리,건강관리장비와서비스,20230119
065510,휴비츠,건강관리,건강관리장비와서비스,20230119
261200,덴티스,건강관리,건강관리장비와서비스,20230119
405000,플라즈맵,건강관리,건강관리장비와서비스,20230119
122310,제노레이,건강관리,건강관리장비와서비스,20230119
071200,인피니트헬스케어,건강관리,건강관리장비와서비스,20230119
032850,비트컴퓨터,건강관리,건강관리장비와서비스,20230119
214680,디알텍,건강관리,건강관리장비와서비스,20230119
314930,바이오다인,건강관리,건강관리장비와서비스,20230119
225220,제놀루션,건강관리,건강관리장비와서비스,20230119
056090,이노시스,건강관리,건강관리장비와서비스,20230119
058110,멕아이씨에스,건강관리,건강관리장비와서비스,20230119
263690,디알젬,건강관리,건강관리장비와서비스,20230119
228850,레이언스,건강관리,건강관리장비와서비스,20230119
258830,세종메디칼,건강관리,건강관리장비와서비스,20230119
164060,이루다,건강관리,건강관리장비와서비스,20230119
035610,솔본,건강관리,건강관리장비와서비스,20230119
100700,세운메디칼,건강관리,건강관리장비와서비스,20230119
115480,씨유메디칼,건강관리,건강관리장비와서비스,20230119
214610,미코바이오메드,건강관리,건강관리장비와서비스,20230119
338220,뷰노,건강관리,건강관리장비와서비스,20230119
302550,리메드,건강관리,건강관리장비와서비스,20230119
142280,녹십자엠에스,건강관리,건강관리장비와서비스,20230119
041920,메디아나,건강관리,건강관리장비와서비스,20230119
149980,하이로닉,건강관리,건강관리장비와서비스,20230119
307280,원바이오젠,건강관리,건강관리장비와서비스,20230119
376930,노을,건강관리,건강관리장비와서비스,20230119
059210,메타바이오메드,건강관리,건강관리장비와서비스,20230119
305090,마이크로디지탈,건강관리,건강관리장비와서비스,20230119
363250,진시스템,건강관리,건강관리장비와서비스,20230119
322510,제이엘케이,건강관리,건강관리장비와서비스,20230119
226400,오스테오닉,건강관리,건강관리장비와서비스,20230119
006140,피제이전자,건강관리,건강관리장비와서비스,20230119
246960,이노테라피,건강관리,건강관리장비와서비스,20230119
038530,골드퍼시픽,건강관리,건강관리장비와서비스,20230119
347700,라이프시맨틱스,건강관리,건강관리장비와서비스,20230119
229000,젠큐릭스,건강관리,건강관리장비와서비스,20230119
043100,솔고바이오,건강관리,건강관리장비와서비스,20230119
004080,신흥,건강관리,건강관리장비와서비스,20230119
246720,아스타,건강관리,건강관리장비와서비스,20230119
043710,서울리거,건강관리,건강관리장비와서비스,20230119
419540,비스토스,건강관리,건강관리장비와서비스,20230119
290660,네오펙트,건강관리,건강관리장비와서비스,20230119
208370,셀바스헬스케어,건강관리,건강관리장비와서비스,20230119
068270,셀트리온,건강관리,제약과생물공학,20230119
207940,삼성바이오로직스,건강관리,제약과생물공학,20230119
091990,셀트리온헬스케어,건강관리,제약과생물공학,20230119
028300,HLB,건강관리,제약과생물공학,20230119
000100,유한양행,건강관리,제약과생물공학,20230119
128940,한미약품,건강관리,제약과생물공학,20230119
302440,SK바이오사이언스,건강관리,제약과생물공학,20230119
196170,알테오젠,건강관리,제약과생물공학,20230119
326030,SK바이오팜,건강관리,제약과생물공학,20230119
068760,셀트리온제약,건강관리,제약과생물공학,20230119
145020,휴젤,건강관리,제약과생물공학,20230119
067630,HLB생명과학,건강관리,제약과생물공학,20230119
096530,씨젠,건강관리,제약과생물공학,20230119
141080,레고켐바이오,건강관리,제약과생물공학,20230119
237690,에스티팜,건강관리,제약과생물공학,20230119
006280,녹십자,건강관리,제약과생물공학,20230119
086900,메디톡스,건강관리,제약과생물공학,20230119
008930,한미사이언스,건강관리,제약과생물공학,20230119
069620,대웅제약,건강관리,제약과생물공학,20230119
298380,에이비엘바이오,건강관리,제약과생물공학,20230119
185750,종근당,건강관리,제약과생물공학,20230119
007390,네이처셀,건강관리,제약과생물공학,20230119
000250,삼천당제약,건강관리,제약과생물공학,20230119
009420,한올바이오파마,건강관리,제약과생물공학,20230119
019170,신풍제약,건강관리,제약과생물공학,20230119
064550,바이오니아,건강관리,제약과생물공학,20230119
011000,진원생명과학,건강관리,제약과생물공학,20230119
085660,차바이오텍,건강관리,제약과생물공학,20230119
215600,신라젠,건강관리,제약과생물공학,20230119
205470,휴마시스,건강관리,제약과생물공학,20230119
039200,오스코텍,건강관리,제약과생물공학,20230119
095700,제넥신,건강관리,제약과생물공학,20230119
003000,부광약품,건강관리,제약과생물공학,20230119
214370,케어젠,건강관리,제약과생물공학,20230119
003090,대웅,건강관리,제약과생물공학,20230119
195940,HK이노엔,건강관리,제약과생물공학,20230119
182400,엔케이맥스,건강관리,제약과생물공학,20230119
086450,동국제약,건강관리,제약과생물공학,20230119
200130,콜마비앤에이치,건강관리,제약과생물공학,20230119
084990,헬릭스미스,건강관리,제약과생물공학,20230119
323990,박셀바이오,건강관리,제약과생물공학,20230119
005250,녹십자홀딩스,건강관리,제약과생물공학,20230119
000640,동아쏘시오홀딩스,건강관리,제약과생물공학,20230119
115450,HLB테라퓨틱스,건강관리,제약과생물공학,20230119
092040,아미코젠,건강관리,제약과생물공학,20230119
199800,툴젠,건강관리,제약과생물공학,20230119
249420,일동제약,건강관리,제약과생물공학,20230119
170900,동아에스티,건강관리,제약과생물공학,20230119
003520,영진약품,건강관리,제약과생물공학,20230119
099430,바이오플러스,건강관리,제약과생물공학,20230119
053030,바이넥스,건강관리,제약과생물공학,20230119
307750,국전약품,건강관리,제약과생물공학,20230119
206650,유바이오로직스,건강관리,제약과생물공학,20230119
003850,보령,건강관리,제약과생물공학,20230119
235980,메드팩토,건강관리,제약과생물공학,20230119
041960,코미팜,건강관리,제약과생물공학,20230119
268600,셀리버리,건강관리,제약과생물공학,20230119
007570,일양약품,건강관리,제약과생물공학,20230119
001060,JW중외제약,건강관리,제약과생물공학,20230119
005500,삼진제약,건강관리,제약과생물공학,20230119
048530,인트론바이오,건강관리,제약과생물공학,20230119
047920,HLB제약,건강관리,제약과생물공학,20230119
058820,CMG제약,건강관리,제약과생물공학,20230119
078160,메디포스트,건강관리,제약과생물공학,20230119
217330,싸이토젠,건강관리,제약과생물공학,20230119
083790,크리스탈지노믹스,건강관리,제약과생물공학,20230119
003220,대원제약,건강관리,제약과생물공학,20230119
226950,올릭스,건강관리,제약과생물공학,20230119
033270,유나이티드제약,건강관리,제약과생물공학,20230119
314130,지놈앤컴퍼니,건강관리,제약과생물공학,20230119
206640,바디텍메드,건강관리,제약과생물공학,20230119
016580,환인제약,건강관리,제약과생물공학,20230119
166480,코아스템켐온,건강관리,제약과생물공학,20230119
084650,랩지노믹스,건강관리,제약과생물공학,20230119
243070,휴온스,건강관리,제약과생물공학,20230119
038290,마크로젠,건강관리,제약과생물공학,20230119
009290,광동제약,건강관리,제약과생물공학,20230119
246710,티앤알바이오팹,건강관리,제약과생물공학,20230119
310210,보로노이,건강관리,제약과생물공학,20230119
008490,서흥,건강관리,제약과생물공학,20230119
000020,동화약품,건강관리,제약과생물공학,20230119
174900,앱클론,건강관리,제약과생물공학,20230119
001360,삼성제약,건강관리,제약과생물공학,20230119
220100,퓨쳐켐,건강관리,제약과생물공학,20230119
293780,압타바이오,건강관리,제약과생물공학,20230119
278650,노터스,건강관리,제약과생물공학,20230119
001630,종근당홀딩스,건강관리,제약과생물공학,20230119
200670,휴메딕스,건강관리,제약과생물공학,20230119
087010,펩트론,건강관리,제약과생물공학,20230119
086890,이수앱지스,건강관리,제약과생물공학,20230119
263050,유틸렉스,건강관리,제약과생물공학,20230119
002390,한독,건강관리,제약과생물공학,20230119
003060,에이프로젠바이오로직스,건강관리,제약과생물공학,20230119
060590,씨티씨바이오,건강관리,제약과생물공학,20230119
066700,테라젠이텍스,건강관리,제약과생물공학,20230119
065660,안트로젠,건강관리,제약과생물공학,20230119
102460,이연제약,건강관리,제약과생물공학,20230119
002210,동성제약,건강관리,제약과생물공학,20230119
074430,아미노로직스,건강관리,제약과생물공학,20230119
397030,에이프릴바이오,건강관리,제약과생물공학,20230119
288330,브릿지바이오테라퓨틱스,건강관리,제약과생물공학,20230119
023910,대한약품,건강관리,제약과생물공학,20230119
284620,카이노스메드,건강관리,제약과생물공학,20230119
067080,대화제약,건강관리,제약과생물공학,20230119
067290,JW신약,건강관리,제약과생물공학,20230119
082800,비보존 제약,건강관리,제약과생물공학,20230119
046210,파나진,건강관리,제약과생물공학,20230119
271980,제일약품,건강관리,제약과생물공학,20230119
183490,엔지켐생명과학,건강관리,제약과생물공학,20230119
142760,비엘,건강관리,제약과생물공학,20230119
378800,샤페론,건강관리,제약과생물공학,20230119
084110,휴온스글로벌,건강관리,제약과생물공학,20230119
011040,경동제약,건강관리,제약과생물공학,20230119
185490,아이진,건강관리,제약과생물공학,20230119
039860,나노엔텍,건강관리,제약과생물공학,20230119
293480,하나제약,건강관리,제약과생물공학,20230119
365270,큐라클,건강관리,제약과생물공학,20230119
348150,고바이오랩,건강관리,제약과생물공학,20230119
334970,프레스티지바이오로직스,건강관리,제약과생물공학,20230119
234080,JW생명과학,건강관리,제약과생물공학,20230119
061250,화일약품,건강관리,제약과생물공학,20230119
308080,바이젠셀,건강관리,제약과생물공학,20230119
217730,강스템바이오텍,건강관리,제약과생물공학,20230119
086040,바이오톡스텍,건강관리,제약과생물공학,20230119
004720,팜젠사이언스,건강관리,제약과생물공학,20230119
096760,JW홀딩스,건강관리,제약과생물공학,20230119
115180,큐리언트,건강관리,제약과생물공학,20230119
245620,EDGC,건강관리,제약과생물공학,20230119
006620,동구바이오제약,건강관리,제약과생물공학,20230119
298060,에스씨엠생명과학,건강관리,제약과생물공학,20230119
241820,피씨엘,건강관리,제약과생물공학,20230119
004310,현대약품,건강관리,제약과생물공학,20230119
187420,제노포커스,건강관리,제약과생물공학,20230119
299660,셀리드,건강관리,제약과생물공학,20230119
067370,선바이오,건강관리,제약과생물공학,20230119
354200,엔젠바이오,건강관리,제약과생물공학,20230119
194700,노바렉스,건강관리,제약과생물공학,20230119
063160,종근당바이오,건강관리,제약과생물공학,20230119
203400,에이비온,건강관리,제약과생물공학,20230119
261780,차백신연구소,건강관리,제약과생물공학,20230119
054670,대한뉴팜,건강관리,제약과생물공학,20230119
000230,일동홀딩스,건강관리,제약과생물공학,20230119
175250,아이큐어,건강관리,제약과생물공학,20230119
234690,녹십자웰빙,건강관리,제약과생물공학,20230119
086820,바이오솔루션,건강관리,제약과생물공학,20230119
109820,진매트릭스,건강관리,제약과생물공학,20230119
038070,서린바이오,건강관리,제약과생물공학,20230119
214390,경보제약,건강관리,제약과생물공학,20230119
049960,쎌바이오텍,건강관리,제약과생물공학,20230119
017180,명문제약,건강관리,제약과생물공학,20230119
072520,제넨바이오,건강관리,제약과생물공학,20230119
072020,중앙백신,건강관리,제약과생물공학,20230119
032300,한국파마,건강관리,제약과생물공학,20230119
352770,클리노믹스,건강관리,제약과생물공학,20230119
041910,에스텍파마,건강관리,제약과생물공학,20230119
127120,디엔에이링크,건강관리,제약과생물공학,20230119
377220,프롬바이오,건강관리,제약과생물공학,20230119
321550,티움바이오,건강관리,제약과생물공학,20230119
131030,옵투스제약,건강관리,제약과생물공학,20230119
000220,유유제약,건강관리,제약과생물공학,20230119
054050,농우바이오,건강관리,제약과생물공학,20230119
251120,바이오에프디엔씨,건강관리,제약과생물공학,20230119
000520,삼일제약,건강관리,제약과생물공학,20230119
003120,일성신약,건강관리,제약과생물공학,20230119
034940,조아제약,건강관리,제약과생물공학,20230119
191420,테고사이언스,건강관리,제약과생물공학,20230119
222040,코스맥스엔비티,건강관리,제약과생물공학,20230119
002720,국제약품,건강관리,제약과생물공학,20230119
389470,인벤티지랩,건강관리,제약과생물공학,20230119
208340,파멥신,건강관리,제약과생물공학,20230119
153710,옵티팜,건강관리,제약과생물공학,20230119
012790,신일제약,건강관리,제약과생물공학,20230119
299170,더블유에스아이,건강관리,제약과생물공학,20230119
359090,씨엔알리서치,건강관리,제약과생물공학,20230119
260660,알리코제약,건강관리,제약과생물공학,20230119
317690,퀀타매트릭스,건강관리,제약과생물공학,20230119
330350,위더스제약,건강관리,제약과생물공학,20230119
002620,제일파마홀딩스,건강관리,제약과생물공학,20230119
002630,오리엔트바이오,건강관리,제약과생물공학,20230119
291650,압타머사이언스,건강관리,제약과생물공학,20230119
106190,하이텍팜,건강관리,제약과생물공학,20230119
007370,진양제약,건강관리,제약과생물공학,20230119
053950,경남제약,건강관리,제약과생물공학,20230119
068330,일신바이오,건강관리,제약과생물공학,20230119
001540,안국약품,건강관리,제약과생물공학,20230119
335810,프리시젼바이오,건강관리,제약과생물공학,20230119
078140,대봉엘에스,건강관리,제약과생물공학,20230119
270870,뉴트리,건강관리,제약과생물공학,20230119
065170,비엘팜텍,건강관리,제약과생물공학,20230119
118000,초록뱀헬스케어,건강관리,제약과생물공학,20230119
014570,고려제약,건강관리,제약과생물공학,20230119
204840,지엘팜텍,건강관리,제약과생물공학,20230119
222110,팬젠,건강관리,제약과생물공학,20230119
314140,알피바이오,건강관리,제약과생물공학,20230119
200780,비씨월드제약,건강관리,제약과생물공학,20230119
002800,신신제약,건강관리,제약과생물공학,20230119
044960,이글벳,건강관리,제약과생물공학,20230119
238200,비피도,건강관리,제약과생물공학,20230119
389030,지니너스,건강관리,제약과생물공학,20230119
114450,KPX생명과학,건강관리,제약과생물공학,20230119
080720,한국유니온제약,건강관리,제약과생물공학,20230119
131220,대한과학,건강관리,제약과생물공학,20230119
250060,모비스,건강관리,제약과생물공학,20230119
018620,우진비앤지,건강관리,제약과생물공학,20230119
044820,코스맥스비티아이,건강관리,제약과생물공학,20230119
238120,얼라인드,건강관리,제약과생물공학,20230119
331920,셀레믹스,건강관리,제약과생물공학,20230119
239610,에이치엘사이언스,건강관리,제약과생물공학,20230119
347740,피엔케이피부임상연구센타,건강관리,제약과생물공학,20230119
196300,애니젠,건강관리,제약과생물공학,20230119
383930,디티앤씨알오,건강관리,제약과생물공학,20230119
009300,삼아제약,건강관리,제약과생물공학,20230119
018680,서울제약,건강관리,제약과생물공학,20230119
154030,아시아종묘,건강관리,제약과생물공학,20230119
318010,팜스빌,건강관리,제약과생물공학,20230119
036480,대성미생물,건강관리,제약과생물공학,20230119
086060,진바이오텍,건강관리,제약과생물공학,20230119
036180,지더블유바이텍,건강관리,제약과생물공학,20230119
179530,애드바이오텍,건강관리,제약과생물공학,20230119
353190,휴럼,건강관리,제약과생물공학,20230119
052670,제일바이오,건강관리,제약과생물공학,20230119
215380,우정바이오,건강관리,제약과생물공학,20230119
109960,에이프로젠 H&G,건강관리,제약과생물공학,20230119
223250,드림씨아이에스,건강관리,제약과생물공학,20230119
187660,에이디엠코리아,건강관리,제약과생물공학,20230119
105560,KB금융,금융,은행,20230119
055550,신한지주,금융,은행,20230119
086790,하나금융지주,금융,은행,20230119
316140,우리금융지주,금융,은행,20230119
323410,카카오뱅크,금융,은행,20230119
024110,기업은행,금융,은행,20230119
138930,BNK금융지주,금융,은행,20230119
175330,JB금융지주,금융,은행,20230119
139130,DGB금융지주,금융,은행,20230119
038540,상상인,금융,은행,20230119
006220,제주은행,금융,은행,20230119
071050,한국금융지주,금융,증권,20230119
006800,미래에셋증권,금융,증권,20230119
016360,삼성증권,금융,증권,20230119
008560,메리츠증권,금융,증권,20230119
138040,메리츠금융지주,금융,증권,20230119
005940,NH투자증권,금융,증권,20230119
039490,키움증권,금융,증권,20230119
023590,다우기술,금융,증권,20230119
032190,다우데이타,금융,증권,20230119
003540,대신증권,금융,증권,20230119
003530,한화투자증권,금융,증권,20230119
001510,SK증권,금융,증권,20230119
001720,신영증권,금융,증권,20230119
003470,유안타증권,금융,증권,20230119
001200,유진투자증권,금융,증권,20230119
001500,현대차증권,금융,증권,20230119
030210,다올투자증권,금융,증권,20230119
016610,DB금융투자,금융,증권,20230119
030610,교보증권,금융,증권,20230119
078020,이베스트투자증권,금융,증권,20230119
001750,한양증권,금융,증권,20230119
001270,부국증권,금융,증권,20230119
003460,유화증권,금융,증권,20230119
001290,상상인증권,금융,증권,20230119
190650,코리아에셋투자증권,금융,증권,20230119
029780,삼성카드,금융,다각화된금융,20230119
010050,우리종금,금융,다각화된금융,20230119
041190,우리기술투자,금융,다각화된금융,20230119
026890,스틱인베스트먼트,금융,다각화된금융,20230119
012700,리드코프,금융,다각화된금융,20230119
019550,SBI인베스트먼트,금융,다각화된금융,20230119
204620,글로벌텍스프리,금융,다각화된금융,20230119
027360,아주IB투자,금융,다각화된금융,20230119
380440,엔에이치스팩19호,금융,다각화된금융,20230119
021080,에이티넘인베스트,금융,다각화된금융,20230119
289080,SV인베스트먼트,금융,다각화된금융,20230119
241520,DSC인베스트먼트,금융,다각화된금융,20230119
100790,미래에셋벤처투자,금융,다각화된금융,20230119
019590,엠벤처투자,금융,다각화된금융,20230119
298870,다올인베스트먼트,금융,다각화된금융,20230119
027830,대성창투,금융,다각화된금융,20230119
023760,한국캐피탈,금융,다각화된금융,20230119
391060,엔에이치스팩20호,금융,다각화된금융,20230119
019570,리더스 기술투자,금융,다각화된금융,20230119
435620,하나금융25호스팩,금융,다각화된금융,20230119
016600,큐캐피탈,금융,다각화된금융,20230119
021880,메이슨캐피탈,금융,다각화된금융,20230119
246690,TS인베스트먼트,금융,다각화된금융,20230119
293580,나우IB,금융,다각화된금융,20230119
023460,CNH,금융,다각화된금융,20230119
439250,삼성스팩7호,금융,다각화된금융,20230119
007330,푸른저축은행,금융,다각화된금융,20230119
330730,스톤브릿지벤처스,금융,다각화된금융,20230119
307930,컴퍼니케이,금융,다각화된금융,20230119
377630,삼성스팩4호,금융,다각화된금융,20230119
425290,삼성스팩6호,금융,다각화된금융,20230119
344050,신영스팩6호,금융,다각화된금융,20230119
277070,린드먼아시아,금융,다각화된금융,20230119
439410,엔에이치스팩26호,금융,다각화된금융,20230119
387310,대신밸런스제10호스팩,금융,다각화된금융,20230119
424140,케이비제21호스팩,금융,다각화된금융,20230119
397500,대신밸런스제11호스팩,금융,다각화된금융,20230119
430230,하나금융24호스팩,금융,다각화된금융,20230119
380320,삼성머스트스팩5호,금융,다각화된금융,20230119
440820,엔에이치스팩27호,금융,다각화된금융,20230119
430220,신영스팩8호,금융,다각화된금융,20230119
393360,신한제8호스팩,금융,다각화된금융,20230119
396770,엔에이치스팩22호,금융,다각화된금융,20230119
422040,엔에이치스팩23호,금융,다각화된금융,20230119
406760,하나금융21호스팩,금융,다각화된금융,20230119
367480,유안타제8호스팩,금융,다각화된금융,20230119
367340,DB금융스팩8호,금융,다각화된금융,20230119
426670,대신밸런스제12호스팩,금융,다각화된금융,20230119
388220,하나금융19호스팩,금융,다각화된금융,20230119
412930,미래에셋비전스팩1호,금융,다각화된금융,20230119
440200,케이비제23호스팩,금융,다각화된금융,20230119
442310,대신밸런스제14호스팩,금융,다각화된금융,20230119
435380,유안타제10호스팩,금융,다각화된금융,20230119
421800,교보12호스팩,금융,다각화된금융,20230119
424760,IBKS제18호스팩,금융,다각화된금융,20230119
438220,대신밸런스제13호스팩,금융,다각화된금융,20230119
353060,에이치엠씨제5호스팩,금융,다각화된금융,20230119
408920,에스케이증권7호스팩,금융,다각화된금융,20230119
436610,한국제11호스팩,금융,다각화된금융,20230119
430700,유안타제9호스팩,금융,다각화된금융,20230119
418170,하나금융22호스팩,금융,다각화된금융,20230119
400840,하이제7호스팩,금융,다각화된금융,20230119
404950,DB금융스팩10호,금융,다각화된금융,20230119
436530,케이비제22호스팩,금융,다각화된금융,20230119
413630,유진스팩8호,금융,다각화된금융,20230119
430460,한화플러스제3호스팩,금융,다각화된금융,20230119
426550,IBKS제19호스팩,금융,다각화된금융,20230119
367360,DB금융스팩9호,금융,다각화된금융,20230119
445970,신영스팩9호,금융,다각화된금융,20230119
366330,신한제7호스팩,금융,다각화된금융,20230119
409570,한국제10호스팩,금융,다각화된금융,20230119
427950,하나금융23호스팩,금융,다각화된금융,20230119
415580,상상인제3호스팩,금융,다각화된금융,20230119
437780,엔에이치스팩24호,금융,다각화된금융,20230119
372290,하나머스트7호스팩,금융,다각화된금융,20230119
377400,하이제6호스팩,금융,다각화된금융,20230119
419270,신영스팩7호,금융,다각화된금융,20230119
442770,IBKS제21호스팩,금융,다각화된금융,20230119
439730,IBKS제20호스팩,금융,다각화된금융,20230119
355150,교보10호스팩,금융,다각화된금융,20230119
353490,미래에셋대우스팩 5호,금융,다각화된금융,20230119
405640,신한제9호스팩,금융,다각화된금융,20230119
397880,교보11호스팩,금융,다각화된금융,20230119
386580,한화플러스제2호스팩,금융,다각화된금융,20230119
433530,키움제7호스팩,금융,다각화된금융,20230119
353070,에이치엠씨제4호스팩,금융,다각화된금융,20230119
388790,IBKS제16호스팩,금융,다각화된금융,20230119
435870,에스케이증권제8호스팩,금융,다각화된금융,20230119
388800,유진스팩7호,금융,다각화된금융,20230119
440790,교보13호스팩,금융,다각화된금융,20230119
418210,신한제10호스팩,금융,다각화된금융,20230119
442130,유진스팩9호,금융,다각화된금융,20230119
413600,키움제6호스팩,금융,다각화된금융,20230119
445360,비엔케이제1호스팩,금융,다각화된금융,20230119
373340,유진스팩6호,금융,다각화된금융,20230119
405350,IBKS제17호스팩,금융,다각화된금융,20230119
400560,하나금융20호스팩,금융,다각화된금융,20230119
438580,엔에이치스팩25호,금융,다각화된금융,20230119
000810,삼성화재,금융,보험,20230119
032830,삼성생명,금융,보험,20230119
005830,DB손해보험,금융,보험,20230119
000060,메리츠화재,금융,보험,20230119
001450,현대해상,금융,보험,20230119
000880,한화,금융,보험,20230119
088350,한화생명,금융,보험,20230119
003690,코리안리,금융,보험,20230119
000370,한화손해보험,금융,보험,20230119
082640,동양생명,금융,보험,20230119
085620,미래에셋생명,금융,보험,20230119
000400,롯데손해보험,금융,보험,20230119
244920,에이플러스에셋,금융,보험,20230119
000540,흥국화재,금융,보험,20230119
211050,인카금융서비스,금융,보험,20230119
395400,SK리츠,금융,부동산,20230119
330590,롯데리츠,금융,부동산,20230119
365550,ESR켄달스퀘어리츠,금융,부동산,20230119
348950,제이알글로벌리츠,금융,부동산,20230119
293940,신한알파리츠,금융,부동산,20230119
034830,한국토지신탁,금융,부동산,20230119
210980,SK디앤디,금융,부동산,20230119
334890,이지스밸류리츠,금융,부동산,20230119
123890,한국자산신탁,금융,부동산,20230119
417310,코람코더원리츠,금융,부동산,20230119
357120,코람코에너지리츠,금융,부동산,20230119
432320,KB스타리츠,금융,부동산,20230119
377190,디앤디플랫폼리츠,금융,부동산,20230119
404990,신한서부티엔디리츠,금융,부동산,20230119
400760,NH올원리츠,금융,부동산,20230119
350520,이지스레지던스리츠,금융,부동산,20230119
396690,미래에셋글로벌리츠,금융,부동산,20230119
088260,이리츠코크렙,금융,부동산,20230119
338100,NH프라임리츠,금융,부동산,20230119
357250,미래에셋맵스리츠,금융,부동산,20230119
357430,마스턴프리미어리츠,금융,부동산,20230119
145270,케이탑리츠,금융,부동산,20230119
015020,이스타코,금융,부동산,20230119
204210,모두투어리츠,금융,부동산,20230119
140910,에이리츠,금융,부동산,20230119
018260,삼성에스디에스,IT,소프트웨어와서비스,20230119
377300,카카오페이,IT,소프트웨어와서비스,20230119
012510,더존비즈온,IT,소프트웨어와서비스,20230119
307950,현대오토에버,IT,소프트웨어와서비스,20230119
181710,NHN,IT,소프트웨어와서비스,20230119
053800,안랩,IT,소프트웨어와서비스,20230119
022100,포스코 ICT,IT,소프트웨어와서비스,20230119
060250,NHN한국사이버결제,IT,소프트웨어와서비스,20230119
064260,다날,IT,소프트웨어와서비스,20230119
376300,디어유,IT,소프트웨어와서비스,20230119
030520,한글과컴퓨터,IT,소프트웨어와서비스,20230119
035600,KG이니시스,IT,소프트웨어와서비스,20230119
045390,대아티아이,IT,소프트웨어와서비스,20230119
052400,코나아이,IT,소프트웨어와서비스,20230119
093320,케이아이엔엑스,IT,소프트웨어와서비스,20230119
377030,맥스트,IT,소프트웨어와서비스,20230119
042000,카페24,IT,소프트웨어와서비스,20230119
054620,APS홀딩스,IT,소프트웨어와서비스,20230119
304100,솔트룩스,IT,소프트웨어와서비스,20230119
294570,쿠콘,IT,소프트웨어와서비스,20230119
035510,신세계 I&C,IT,소프트웨어와서비스,20230119
053300,한국정보인증,IT,소프트웨어와서비스,20230119
347860,알체라,IT,소프트웨어와서비스,20230119
402030,코난테크놀로지,IT,소프트웨어와서비스,20230119
286940,롯데정보통신,IT,소프트웨어와서비스,20230119
214180,헥토이노베이션,IT,소프트웨어와서비스,20230119
053580,웹케시,IT,소프트웨어와서비스,20230119
131370,알서포트,IT,소프트웨어와서비스,20230119
086960,MDS테크,IT,소프트웨어와서비스,20230119
079940,가비아,IT,소프트웨어와서비스,20230119
234340,헥토파이낸셜,IT,소프트웨어와서비스,20230119
058970,엠로,IT,소프트웨어와서비스,20230119
046440,KG모빌리언스,IT,소프트웨어와서비스,20230119
136540,윈스,IT,소프트웨어와서비스,20230119
376980,원티드랩,IT,소프트웨어와서비스,20230119
096040,이트론,IT,소프트웨어와서비스,20230119
012030,DB,IT,소프트웨어와서비스,20230119
352910,오비고,IT,소프트웨어와서비스,20230119
205100,엑셈,IT,소프트웨어와서비스,20230119
094480,갤럭시아머니트리,IT,소프트웨어와서비스,20230119
063570,한국전자금융,IT,소프트웨어와서비스,20230119
054920,한컴위드,IT,소프트웨어와서비스,20230119
377480,마인즈랩,IT,소프트웨어와서비스,20230119
041460,한국전자인증,IT,소프트웨어와서비스,20230119
072770,율호,IT,소프트웨어와서비스,20230119
301300,바이브컴퍼니,IT,소프트웨어와서비스,20230119
192250,케이사인,IT,소프트웨어와서비스,20230119
234300,에스트래픽,IT,소프트웨어와서비스,20230119
047560,이스트소프트,IT,소프트웨어와서비스,20230119
139670,키네마스터,IT,소프트웨어와서비스,20230119
040350,큐로컴,IT,소프트웨어와서비스,20230119
163730,핑거,IT,소프트웨어와서비스,20230119
042510,라온시큐어,IT,소프트웨어와서비스,20230119
150900,파수,IT,소프트웨어와서비스,20230119
357880,비트나인,IT,소프트웨어와서비스,20230119
300120,라온피플,IT,소프트웨어와서비스,20230119
276040,스코넥,IT,소프트웨어와서비스,20230119
038680,에스넷,IT,소프트웨어와서비스,20230119
031820,콤텍시스템,IT,소프트웨어와서비스,20230119
041020,폴라리스오피스,IT,소프트웨어와서비스,20230119
242040,나무기술,IT,소프트웨어와서비스,20230119
158430,아톤,IT,소프트웨어와서비스,20230119
053980,오상자이엘,IT,소프트웨어와서비스,20230119
065440,이루온,IT,소프트웨어와서비스,20230119
288980,모아데이타,IT,소프트웨어와서비스,20230119
303530,이노뎁,IT,소프트웨어와서비스,20230119
039290,인포뱅크,IT,소프트웨어와서비스,20230119
094860,네오리진,IT,소프트웨어와서비스,20230119
079970,투비소프트,IT,소프트웨어와서비스,20230119
419120,산돌,IT,소프트웨어와서비스,20230119
220180,핸디소프트,IT,소프트웨어와서비스,20230119
138580,비즈니스온,IT,소프트웨어와서비스,20230119
025770,한국정보통신,IT,소프트웨어와서비스,20230119
050960,수산아이앤티,IT,소프트웨어와서비스,20230119
065370,위세아이텍,IT,소프트웨어와서비스,20230119
189330,씨이랩,IT,소프트웨어와서비스,20230119
139050,시티랩스,IT,소프트웨어와서비스,20230119
060850,영림원소프트랩,IT,소프트웨어와서비스,20230119
367000,플래티어,IT,소프트웨어와서비스,20230119
069410,엔텔스,IT,소프트웨어와서비스,20230119
219420,링크제니시스,IT,소프트웨어와서비스,20230119
067920,이글루,IT,소프트웨어와서비스,20230119
032680,소프트센,IT,소프트웨어와서비스,20230119
279600,미디어젠,IT,소프트웨어와서비스,20230119
039420,케이엘넷,IT,소프트웨어와서비스,20230119
262840,아이퀘스트,IT,소프트웨어와서비스,20230119
315640,딥노이드,IT,소프트웨어와서비스,20230119
336060,웨이버스,IT,소프트웨어와서비스,20230119
064480,브리지텍,IT,소프트웨어와서비스,20230119
020180,대신정보통신,IT,소프트웨어와서비스,20230119
267850,아시아나IDT,IT,소프트웨어와서비스,20230119
263860,지니언스,IT,소프트웨어와서비스,20230119
064850,에프앤가이드,IT,소프트웨어와서비스,20230119
040160,누리플렉스,IT,소프트웨어와서비스,20230119
173130,오파스넷,IT,소프트웨어와서비스,20230119
263800,데이타솔루션,IT,소프트웨어와서비스,20230119
115310,인포바인,IT,소프트웨어와서비스,20230119
291810,핀텔,IT,소프트웨어와서비스,20230119
049470,SGA,IT,소프트웨어와서비스,20230119
042500,링네트,IT,소프트웨어와서비스,20230119
039310,세중,IT,소프트웨어와서비스,20230119
052600,한네트,IT,소프트웨어와서비스,20230119
099390,브레인즈컴퍼니,IT,소프트웨어와서비스,20230119
016670,디모아,IT,소프트웨어와서비스,20230119
085810,알티캐스트,IT,소프트웨어와서비스,20230119
296640,이노룰스,IT,소프트웨어와서비스,20230119
045510,정원엔시스,IT,소프트웨어와서비스,20230119
067010,이씨에스,IT,소프트웨어와서비스,20230119
184230,SGA솔루션즈,IT,소프트웨어와서비스,20230119
010280,쌍용정보통신,IT,소프트웨어와서비스,20230119
053350,이니텍,IT,소프트웨어와서비스,20230119
131090,시큐브,IT,소프트웨어와서비스,20230119
100030,인지소프트,IT,소프트웨어와서비스,20230119
391710,코닉오토메이션,IT,소프트웨어와서비스,20230119
351330,이삭엔지니어링,IT,소프트웨어와서비스,20230119
007120,미래아이앤지,IT,소프트웨어와서비스,20230119
072130,유엔젤,IT,소프트웨어와서비스,20230119
039980,리노스,IT,소프트웨어와서비스,20230119
189690,포시에스,IT,소프트웨어와서비스,20230119
197140,디지캡,IT,소프트웨어와서비스,20230119
321820,와이더플래닛,IT,소프트웨어와서비스,20230119
075130,플랜티넷,IT,소프트웨어와서비스,20230119
258790,소프트캠프,IT,소프트웨어와서비스,20230119
078000,텔코웨어,IT,소프트웨어와서비스,20230119
322180,티라유텍,IT,소프트웨어와서비스,20230119
148780,비플라이소프트,IT,소프트웨어와서비스,20230119
290270,휴네시온,IT,소프트웨어와서비스,20230119
208350,지란지교시큐리티,IT,소프트웨어와서비스,20230119
115500,케이씨에스,IT,소프트웨어와서비스,20230119
356890,싸이버원,IT,소프트웨어와서비스,20230119
275630,에스에스알,IT,소프트웨어와서비스,20230119
153460,네이블,IT,소프트웨어와서비스,20230119
372800,아이티아이즈,IT,소프트웨어와서비스,20230119
333050,모코엠시스,IT,소프트웨어와서비스,20230119
070590,한솔인티큐브,IT,소프트웨어와서비스,20230119
067730,로지시스,IT,소프트웨어와서비스,20230119
169330,엠브레인,IT,소프트웨어와서비스,20230119
307870,비투엔,IT,소프트웨어와서비스,20230119
328380,솔트웨어,IT,소프트웨어와서비스,20230119
054220,비츠로시스,IT,소프트웨어와서비스,20230119
009150,삼성전기,IT,기술하드웨어와장비,20230119
011070,LG이노텍,IT,기술하드웨어와장비,20230119
020150,일진머티리얼즈,IT,기술하드웨어와장비,20230119
098460,고영,IT,기술하드웨어와장비,20230119
078600,대주전자재료,IT,기술하드웨어와장비,20230119
248070,솔루엠,IT,기술하드웨어와장비,20230119
032500,케이엠더블유,IT,기술하드웨어와장비,20230119
353200,대덕전자,IT,기술하드웨어와장비,20230119
052020,에스티큐브,IT,기술하드웨어와장비,20230119
222800,심텍,IT,기술하드웨어와장비,20230119
090460,비에이치,IT,기술하드웨어와장비,20230119
140860,파크시스템스,IT,기술하드웨어와장비,20230119
336370,솔루스첨단소재,IT,기술하드웨어와장비,20230119
178320,서진시스템,IT,기술하드웨어와장비,20230119
097520,엠씨넥스,IT,기술하드웨어와장비,20230119
218410,RFHIC,IT,기술하드웨어와장비,20230119
214870,뉴지랩파마,IT,기술하드웨어와장비,20230119
091700,파트론,IT,기술하드웨어와장비,20230119
189300,인텔리안테크,IT,기술하드웨어와장비,20230119
049070,인탑스,IT,기술하드웨어와장비,20230119
033240,자화전자,IT,기술하드웨어와장비,20230119
050890,쏠리드,IT,기술하드웨어와장비,20230119
091120,이엠텍,IT,기술하드웨어와장비,20230119
230240,에치에프알,IT,기술하드웨어와장비,20230119
089980,상아프론테크,IT,기술하드웨어와장비,20230119
007660,이수페타시스,IT,기술하드웨어와장비,20230119
060720,KH바텍,IT,기술하드웨어와장비,20230119
179900,유티아이,IT,기술하드웨어와장비,20230119
192650,드림텍,IT,기술하드웨어와장비,20230119
054210,이랜텍,IT,기술하드웨어와장비,20230119
052710,아모텍,IT,기술하드웨어와장비,20230119
126700,하이비젼시스템,IT,기술하드웨어와장비,20230119
088800,에이스테크,IT,기술하드웨어와장비,20230119
084850,아이티엠반도체,IT,기술하드웨어와장비,20230119
299030,하나기술,IT,기술하드웨어와장비,20230119
025320,시노펙스,IT,기술하드웨어와장비,20230119
000670,영풍,IT,기술하드웨어와장비,20230119
441270,파인엠텍,IT,기술하드웨어와장비,20230119
029530,신도리코,IT,기술하드웨어와장비,20230119
010170,대한광통신,IT,기술하드웨어와장비,20230119
190510,나무가,IT,기술하드웨어와장비,20230119
091580,상신이디피,IT,기술하드웨어와장비,20230119
073490,이노와이어리스,IT,기술하드웨어와장비,20230119
372170,윤성에프앤씨,IT,기술하드웨어와장비,20230119
007810,코리아써키트,IT,기술하드웨어와장비,20230119
061040,알에프텍,IT,기술하드웨어와장비,20230119
031330,에스에이엠티,IT,기술하드웨어와장비,20230119
138080,오이솔루션,IT,기술하드웨어와장비,20230119
008060,대덕,IT,기술하드웨어와장비,20230119
122990,와이솔,IT,기술하드웨어와장비,20230119
192440,슈피겐코리아,IT,기술하드웨어와장비,20230119
050110,캠시스,IT,기술하드웨어와장비,20230119
078070,유비쿼스홀딩스,IT,기술하드웨어와장비,20230119
143160,아이디스,IT,기술하드웨어와장비,20230119
051370,인터플렉스,IT,기술하드웨어와장비,20230119
039560,다산네트웍스,IT,기술하드웨어와장비,20230119
161580,필옵틱스,IT,기술하드웨어와장비,20230119
236200,슈프리마,IT,기술하드웨어와장비,20230119
200230,텔콘RF제약,IT,기술하드웨어와장비,20230119
047310,파워로직스,IT,기술하드웨어와장비,20230119
085670,뉴프렉스,IT,기술하드웨어와장비,20230119
148150,세경하이테크,IT,기술하드웨어와장비,20230119
083470,이엠앤아이,IT,기술하드웨어와장비,20230119
101140,인바이오젠,IT,기술하드웨어와장비,20230119
045970,코아시아,IT,기술하드웨어와장비,20230119
262260,에이프로,IT,기술하드웨어와장비,20230119
004770,써니전자,IT,기술하드웨어와장비,20230119
049080,기가레인,IT,기술하드웨어와장비,20230119
264450,유비쿼스,IT,기술하드웨어와장비,20230119
238090,앤디포스,IT,기술하드웨어와장비,20230119
066410,버킷스튜디오,IT,기술하드웨어와장비,20230119
049550,잉크테크,IT,기술하드웨어와장비,20230119
065680,우주일렉트로,IT,기술하드웨어와장비,20230119
360070,탑머티리얼,IT,기술하드웨어와장비,20230119
125210,아모그린텍,IT,기술하드웨어와장비,20230119
060230,소니드,IT,기술하드웨어와장비,20230119
204270,제이앤티씨,IT,기술하드웨어와장비,20230119
033230,인성정보,IT,기술하드웨어와장비,20230119
029480,광무,IT,기술하드웨어와장비,20230119
093190,빅솔론,IT,기술하드웨어와장비,20230119
082210,옵트론텍,IT,기술하드웨어와장비,20230119
037460,삼지전자,IT,기술하드웨어와장비,20230119
285490,노바텍,IT,기술하드웨어와장비,20230119
065650,메디프론,IT,기술하드웨어와장비,20230119
053450,세코닉스,IT,기술하드웨어와장비,20230119
054800,아이디스홀딩스,IT,기술하드웨어와장비,20230119
036710,심텍홀딩스,IT,기술하드웨어와장비,20230119
049480,오픈베이스,IT,기술하드웨어와장비,20230119
211270,AP위성,IT,기술하드웨어와장비,20230119
340930,유일에너테크,IT,기술하드웨어와장비,20230119
106520,노블엠앤비,IT,기술하드웨어와장비,20230119
096690,에이루트,IT,기술하드웨어와장비,20230119
347000,센코,IT,기술하드웨어와장비,20230119
089850,유비벨록스,IT,기술하드웨어와장비,20230119
095270,웨이브일렉트로,IT,기술하드웨어와장비,20230119
065130,탑엔지니어링,IT,기술하드웨어와장비,20230119
196450,코아시아옵틱스,IT,기술하드웨어와장비,20230119
032790,비엔지티,IT,기술하드웨어와장비,20230119
097780,에스맥,IT,기술하드웨어와장비,20230119
031860,엔에스엔,IT,기술하드웨어와장비,20230119
347890,엠투아이,IT,기술하드웨어와장비,20230119
290550,디케이티,IT,기술하드웨어와장비,20230119
033320,제이씨현시스템,IT,기술하드웨어와장비,20230119
057540,옴니시스템,IT,기술하드웨어와장비,20230119
045660,에이텍,IT,기술하드웨어와장비,20230119
332570,와이팜,IT,기술하드웨어와장비,20230119
069540,라이트론,IT,기술하드웨어와장비,20230119
148250,알엔투테크놀로지,IT,기술하드웨어와장비,20230119
038460,바이오스마트,IT,기술하드웨어와장비,20230119
080420,모다이노칩,IT,기술하드웨어와장비,20230119
263600,덕우전자,IT,기술하드웨어와장비,20230119
092300,현우산업,IT,기술하드웨어와장비,20230119
193250,와이제이엠게임즈,IT,기술하드웨어와장비,20230119
251630,브이원텍,IT,기술하드웨어와장비,20230119
357580,아모센스,IT,기술하드웨어와장비,20230119
093920,서원인텍,IT,기술하드웨어와장비,20230119
109070,컨버즈,IT,기술하드웨어와장비,20230119
115440,우리넷,IT,기술하드웨어와장비,20230119
170790,파이오링크,IT,기술하드웨어와장비,20230119
368600,아이씨에이치,IT,기술하드웨어와장비,20230119
015260,에이엔피,IT,기술하드웨어와장비,20230119
083640,인콘,IT,기술하드웨어와장비,20230119
066670,디스플레이텍,IT,기술하드웨어와장비,20230119
054090,삼진엘앤디,IT,기술하드웨어와장비,20230119
333620,엔시스,IT,기술하드웨어와장비,20230119
258610,케일럼,IT,기술하드웨어와장비,20230119
056360,코위버,IT,기술하드웨어와장비,20230119
015710,코콤,IT,기술하드웨어와장비,20230119
370090,퓨런티어,IT,기술하드웨어와장비,20230119
096630,에스코넥,IT,기술하드웨어와장비,20230119
017900,광전자,IT,기술하드웨어와장비,20230119
327260,RF머트리얼즈,IT,기술하드웨어와장비,20230119
051380,피씨디렉트,IT,기술하드웨어와장비,20230119
094940,푸른기술,IT,기술하드웨어와장비,20230119
380540,옵티코어,IT,기술하드웨어와장비,20230119
131400,이브이첨단소재,IT,기술하드웨어와장비,20230119
192410,휴림네트웍스,IT,기술하드웨어와장비,20230119
049630,재영솔루텍,IT,기술하드웨어와장비,20230119
109080,옵티시스,IT,기술하드웨어와장비,20230119
004270,남성,IT,기술하드웨어와장비,20230119
031310,아이즈비전,IT,기술하드웨어와장비,20230119
046310,백금T&A,IT,기술하드웨어와장비,20230119
101390,아이엠,IT,기술하드웨어와장비,20230119
046970,우리로,IT,기술하드웨어와장비,20230119
100590,머큐리,IT,기술하드웨어와장비,20230119
224110,에이텍티앤,IT,기술하드웨어와장비,20230119
151910,SBW생명과학,IT,기술하드웨어와장비,20230119
049520,유아이엘,IT,기술하드웨어와장비,20230119
076610,해성옵틱스,IT,기술하드웨어와장비,20230119
068940,셀피글로벌,IT,기술하드웨어와장비,20230119
037950,엘컴텍,IT,기술하드웨어와장비,20230119
033560,블루콤,IT,기술하드웨어와장비,20230119
290740,액트로,IT,기술하드웨어와장비,20230119
168360,펨트론,IT,기술하드웨어와장비,20230119
012600,센트럴인사이트,IT,기술하드웨어와장비,20230119
317120,라닉스,IT,기술하드웨어와장비,20230119
203450,유니온커뮤니티,IT,기술하드웨어와장비,20230119
044380,주연테크,IT,기술하드웨어와장비,20230119
215790,이노인스트루먼트,IT,기술하드웨어와장비,20230119
072990,에이치시티,IT,기술하드웨어와장비,20230119
060540,에스에이티,IT,기술하드웨어와장비,20230119
320000,윈텍,IT,기술하드웨어와장비,20230119
039010,현대에이치티,IT,기술하드웨어와장비,20230119
208710,바이오로그디바이스,IT,기술하드웨어와장비,20230119
123840,한일진공,IT,기술하드웨어와장비,20230119
254120,자비스,IT,기술하드웨어와장비,20230119
187220,디티앤씨,IT,기술하드웨어와장비,20230119
036690,코맥스,IT,기술하드웨어와장비,20230119
094840,슈프리마에이치큐,IT,기술하드웨어와장비,20230119
225190,삼양옵틱스,IT,기술하드웨어와장비,20230119
079190,케스피온,IT,기술하드웨어와장비,20230119
129890,앱코,IT,기술하드웨어와장비,20230119
035460,기산텔레콤,IT,기술하드웨어와장비,20230119
115530,씨엔플러스,IT,기술하드웨어와장비,20230119
368770,파이버프로,IT,기술하드웨어와장비,20230119
376290,씨유테크,IT,기술하드웨어와장비,20230119
348350,위드텍,IT,기술하드웨어와장비,20230119
263810,상신전자,IT,기술하드웨어와장비,20230119
131180,딜리,IT,기술하드웨어와장비,20230119
227100,에이치앤비디자인,IT,기술하드웨어와장비,20230119
069510,에스텍,IT,기술하드웨어와장비,20230119
016920,카스,IT,기술하드웨어와장비,20230119
106240,파인테크닉스,IT,기술하드웨어와장비,20230119
027040,서울전자통신,IT,기술하드웨어와장비,20230119
323280,태성,IT,기술하드웨어와장비,20230119
331380,포커스에이치엔에스,IT,기술하드웨어와장비,20230119
332370,아이디피,IT,기술하드웨어와장비,20230119
052460,아이크래프트,IT,기술하드웨어와장비,20230119
091340,S&K폴리텍,IT,기술하드웨어와장비,20230119
073540,에프알텍,IT,기술하드웨어와장비,20230119
081580,성우전자,IT,기술하드웨어와장비,20230119
008110,대동전자,IT,기술하드웨어와장비,20230119
066900,디에이피,IT,기술하드웨어와장비,20230119
072950,빛샘전자,IT,기술하드웨어와장비,20230119
065770,CS,IT,기술하드웨어와장비,20230119
089150,케이씨티,IT,기술하드웨어와장비,20230119
361670,삼영에스앤씨,IT,기술하드웨어와장비,20230119
004920,씨아이테크,IT,기술하드웨어와장비,20230119
115610,이미지스,IT,기술하드웨어와장비,20230119
011230,삼화전자,IT,기술하드웨어와장비,20230119
373200,하인크코리아,IT,기술하드웨어와장비,20230119
340360,다보링크,IT,기술하드웨어와장비,20230119
001000,신라섬유,IT,기술하드웨어와장비,20230119
317770,슈프리마아이디,IT,기술하드웨어와장비,20230119
062970,피피아이,IT,기술하드웨어와장비,20230119
065690,파커스,IT,기술하드웨어와장비,20230119
264850,이랜시스,IT,기술하드웨어와장비,20230119
017250,인터엠,IT,기술하드웨어와장비,20230119
070300,엑스큐어,IT,기술하드웨어와장비,20230119
091440,텔레필드,IT,기술하드웨어와장비,20230119
198080,엔피디,IT,기술하드웨어와장비,20230119
039740,한국정보공학,IT,기술하드웨어와장비,20230119
043360,디지아이,IT,기술하드웨어와장비,20230119
174880,장원테크,IT,기술하드웨어와장비,20230119
032960,동일기연,IT,기술하드웨어와장비,20230119
033200,모아텍,IT,기술하드웨어와장비,20230119
005930,삼성전자,IT,반도체와반도체장비,20230119
000660,SK하이닉스,IT,반도체와반도체장비,20230119
402340,SK스퀘어,IT,반도체와반도체장비,20230119
058470,리노공업,IT,반도체와반도체장비,20230119
000990,DB하이텍,IT,반도체와반도체장비,20230119
005290,동진쎄미켐,IT,반도체와반도체장비,20230119
240810,원익IPS,IT,반도체와반도체장비,20230119
357780,솔브레인,IT,반도체와반도체장비,20230119
039030,이오테크닉스,IT,반도체와반도체장비,20230119
042700,한미반도체,IT,반도체와반도체장비,20230119
064760,티씨케이,IT,반도체와반도체장비,20230119
036930,주성엔지니어링,IT,반도체와반도체장비,20230119
101490,에스앤에스텍,IT,반도체와반도체장비,20230119
067310,하나마이크론,IT,반도체와반도체장비,20230119
082270,젬백스,IT,반도체와반도체장비,20230119
074600,원익QnC,IT,반도체와반도체장비,20230119
195870,해성디에스,IT,반도체와반도체장비,20230119
166090,하나머티리얼즈,IT,반도체와반도체장비,20230119
095340,ISC,IT,반도체와반도체장비,20230119
084370,유진테크,IT,반도체와반도체장비,20230119
319660,피에스케이,IT,반도체와반도체장비,20230119
131970,두산테스나,IT,반도체와반도체장비,20230119
348210,넥스틴,IT,반도체와반도체장비,20230119
036540,SFA반도체,IT,반도체와반도체장비,20230119
403870,HPSP,IT,반도체와반도체장비,20230119
183300,코미코,IT,반도체와반도체장비,20230119
033640,네패스,IT,반도체와반도체장비,20230119
011930,신성이엔지,IT,반도체와반도체장비,20230119
073570,어반리튬,IT,반도체와반도체장비,20230119
095610,테스,IT,반도체와반도체장비,20230119
036810,에프에스티,IT,반도체와반도체장비,20230119
080580,오킨스전자,IT,반도체와반도체장비,20230119
059090,미코,IT,반도체와반도체장비,20230119
101160,월덱스,IT,반도체와반도체장비,20230119
092220,KEC,IT,반도체와반도체장비,20230119
394280,오픈엣지테크놀로지,IT,반도체와반도체장비,20230119
061970,엘비세미콘,IT,반도체와반도체장비,20230119
086390,유니테스트,IT,반도체와반도체장비,20230119
281820,케이씨텍,IT,반도체와반도체장비,20230119
131290,티에스이,IT,반도체와반도체장비,20230119
089030,테크윙,IT,반도체와반도체장비,20230119
079370,제우스,IT,반도체와반도체장비,20230119
119830,아이텍,IT,반도체와반도체장비,20230119
089970,에이피티씨,IT,반도체와반도체장비,20230119
064290,인텍플러스,IT,반도체와반도체장비,20230119
033160,엠케이전자,IT,반도체와반도체장비,20230119
200710,에이디테크놀로지,IT,반도체와반도체장비,20230119
083310,엘오티베큠,IT,반도체와반도체장비,20230119
030530,원익홀딩스,IT,반도체와반도체장비,20230119
053610,프로텍,IT,반도체와반도체장비,20230119
083450,GST,IT,반도체와반도체장비,20230119
039440,에스티아이,IT,반도체와반도체장비,20230119
114810,한솔아이원스,IT,반도체와반도체장비,20230119
036200,유니셈,IT,반도체와반도체장비,20230119
092070,디엔에프,IT,반도체와반도체장비,20230119
029460,케이씨,IT,반도체와반도체장비,20230119
077500,유니퀘스트,IT,반도체와반도체장비,20230119
031980,피에스케이홀딩스,IT,반도체와반도체장비,20230119
054450,텔레칩스,IT,반도체와반도체장비,20230119
094170,동운아나텍,IT,반도체와반도체장비,20230119
080220,제주반도체,IT,반도체와반도체장비,20230119
102120,어보브반도체,IT,반도체와반도체장비,20230119
144960,뉴파워프라즈마,IT,반도체와반도체장비,20230119
241790,오션브릿지,IT,반도체와반도체장비,20230119
093640,다믈멀티미디어,IT,반도체와반도체장비,20230119
122640,예스티,IT,반도체와반도체장비,20230119
094360,칩스앤미디어,IT,반도체와반도체장비,20230119
089890,코세스,IT,반도체와반도체장비,20230119
003160,디아이,IT,반도체와반도체장비,20230119
200470,에이팩트,IT,반도체와반도체장비,20230119
078350,한양디지텍,IT,반도체와반도체장비,20230119
093520,매커스,IT,반도체와반도체장비,20230119
160980,싸이맥스,IT,반도체와반도체장비,20230119
077360,덕산하이메탈,IT,반도체와반도체장비,20230119
399720,가온칩스,IT,반도체와반도체장비,20230119
232680,라온테크,IT,반도체와반도체장비,20230119
112290,영창케미칼,IT,반도체와반도체장비,20230119
264660,씨앤지하이테크,IT,반도체와반도체장비,20230119
232140,와이아이케이,IT,반도체와반도체장비,20230119
071280,로체시스템즈,IT,반도체와반도체장비,20230119
396270,넥스트칩,IT,반도체와반도체장비,20230119
066310,큐에스아이,IT,반도체와반도체장비,20230119
382800,지앤비에스엔지니어링,IT,반도체와반도체장비,20230119
146320,비씨엔씨,IT,반도체와반도체장비,20230119
105330,케이엔더블유,IT,반도체와반도체장비,20230119
092870,엑시콘,IT,반도체와반도체장비,20230119
097800,윈팩,IT,반도체와반도체장비,20230119
227950,엔투텍,IT,반도체와반도체장비,20230119
025560,미래산업,IT,반도체와반도체장비,20230119
059120,아진엑스텍,IT,반도체와반도체장비,20230119
219130,타이거일렉,IT,반도체와반도체장비,20230119
052900,KX하이텍,IT,반도체와반도체장비,20230119
140070,서플러스글로벌,IT,반도체와반도체장비,20230119
033170,시그네틱스,IT,반도체와반도체장비,20230119
330860,네패스아크,IT,반도체와반도체장비,20230119
089530,에이티세미콘,IT,반도체와반도체장비,20230119
252990,샘씨엔에스,IT,반도체와반도체장비,20230119
089790,제이티,IT,반도체와반도체장비,20230119
142210,유니트론텍,IT,반도체와반도체장비,20230119
365590,하이딥,IT,반도체와반도체장비,20230119
322310,오로스테크놀로지,IT,반도체와반도체장비,20230119
253590,네오셈,IT,반도체와반도체장비,20230119
171010,램테크놀러지,IT,반도체와반도체장비,20230119
241770,메카로,IT,반도체와반도체장비,20230119
412350,레이저쎌,IT,반도체와반도체장비,20230119
147760,마이크로프랜드,IT,반도체와반도체장비,20230119
356860,티엘비,IT,반도체와반도체장비,20230119
417840,저스템,IT,반도체와반도체장비,20230119
080520,오디텍,IT,반도체와반도체장비,20230119
376190,엘비루셈,IT,반도체와반도체장비,20230119
123010,아이윈플러스,IT,반도체와반도체장비,20230119
098120,마이크로컨텍솔,IT,반도체와반도체장비,20230119
217500,러셀,IT,반도체와반도체장비,20230119
303030,지니틱스,IT,반도체와반도체장비,20230119
306620,네온테크,IT,반도체와반도체장비,20230119
054940,엑사이엔씨,IT,반도체와반도체장비,20230119
405100,큐알티,IT,반도체와반도체장비,20230119
311320,지오엘리먼트,IT,반도체와반도체장비,20230119
117670,알파홀딩스,IT,반도체와반도체장비,20230119
052860,아이앤씨,IT,반도체와반도체장비,20230119
417500,제이아이테크,IT,반도체와반도체장비,20230119
032580,피델릭스,IT,반도체와반도체장비,20230119
087600,픽셀플러스,IT,반도체와반도체장비,20230119
222160,바이옵트로,IT,반도체와반도체장비,20230119
217190,제너셈,IT,반도체와반도체장비,20230119
006200,한국전자홀딩스,IT,반도체와반도체장비,20230119
101400,엔시트론,IT,반도체와반도체장비,20230119
224060,더코디,IT,반도체와반도체장비,20230119
050090,비케이홀딩스,IT,반도체와반도체장비,20230119
024850,피에스엠씨,IT,반도체와반도체장비,20230119
045300,성우테크론,IT,반도체와반도체장비,20230119
096610,알에프세미,IT,반도체와반도체장비,20230119
425420,티에프이,IT,반도체와반도체장비,20230119
064520,테크엘,IT,반도체와반도체장비,20230119
006400,삼성SDI,IT,전자와 전기제품,20230119
373220,LG에너지솔루션,IT,전자와 전기제품,20230119
066570,LG전자,IT,전자와 전기제품,20230119
247540,에코프로비엠,IT,전자와 전기제품,20230119
066970,엘앤에프,IT,전자와 전기제품,20230119
361610,SK아이이테크놀로지,IT,전자와 전기제품,20230119
336260,두산퓨얼셀,IT,전자와 전기제품,20230119
278280,천보,IT,전자와 전기제품,20230119
137400,피엔티,IT,전자와 전기제품,20230119
393890,더블유씨피,IT,전자와 전기제품,20230119
365340,성일하이텍,IT,전자와 전기제품,20230119
222080,씨아이에스,IT,전자와 전기제품,20230119
348370,엔켐,IT,전자와 전기제품,20230119
001820,삼화콘덴서,IT,전자와 전기제품,20230119
058610,에스피지,IT,전자와 전기제품,20230119
082920,비츠로셀,IT,전자와 전기제품,20230119
217820,원익피앤이,IT,전자와 전기제품,20230119
382840,원준,IT,전자와 전기제품,20230119
107600,새빗켐,IT,전자와 전기제품,20230119
064240,홈캐스트,IT,전자와 전기제품,20230119
290670,대보마그네틱,IT,전자와 전기제품,20230119
243840,신흥에스이씨,IT,전자와 전기제품,20230119
078890,가온미디어,IT,전자와 전기제품,20230119
008700,아남전자,IT,전자와 전기제품,20230119
115160,휴맥스,IT,전자와 전기제품,20230119
259630,엠플러스,IT,전자와 전기제품,20230119
036010,아비코전자,IT,전자와 전기제품,20230119
273640,와이엠텍,IT,전자와 전기제품,20230119
005680,삼영전자,IT,전자와 전기제품,20230119
084730,팅크웨어,IT,전자와 전기제품,20230119
267320,나인테크,IT,전자와 전기제품,20230119
033180,KH 필룩스,IT,전자와 전기제품,20230119
087260,모바일어플라이언스,IT,전자와 전기제품,20230119
196490,디에이테크놀로지,IT,전자와 전기제품,20230119
288620,에스퓨얼셀,IT,전자와 전기제품,20230119
009470,삼화전기,IT,전자와 전기제품,20230119
134580,탑코미디어,IT,전자와 전기제품,20230119
302430,이노메트리,IT,전자와 전기제품,20230119
079960,동양이엔피,IT,전자와 전기제품,20230119
012340,뉴인텍,IT,전자와 전기제품,20230119
382480,지아이텍,IT,전자와 전기제품,20230119
042110,에스씨디,IT,전자와 전기제품,20230119
377330,이지트로닉스,IT,전자와 전기제품,20230119
037030,파워넷,IT,전자와 전기제품,20230119
148930,에이치와이티씨,IT,전자와 전기제품,20230119
297570,알로이스,IT,전자와 전기제품,20230119
032540,TJ미디어,IT,전자와 전기제품,20230119
032750,삼진,IT,전자와 전기제품,20230119
043260,성호전자,IT,전자와 전기제품,20230119
312610,에이에프더블류,IT,전자와 전기제품,20230119
002230,피에스텍,IT,전자와 전기제품,20230119
054630,에이디칩스,IT,전자와 전기제품,20230119
111870,KH 전자,IT,전자와 전기제품,20230119
038950,파인디지털,IT,전자와 전기제품,20230119
187270,신화콘텍,IT,전자와 전기제품,20230119
092600,앤씨앤,IT,전자와 전기제품,20230119
014910,성문전자,IT,전자와 전기제품,20230119
028080,휴맥스홀딩스,IT,전자와 전기제품,20230119
009140,경인전자,IT,전자와 전기제품,20230119
043590,크로바하이텍,IT,전자와 전기제품,20230119
034220,LG디스플레이,IT,디스플레이,20230119
108320,LX세미콘,IT,디스플레이,20230119
046890,서울반도체,IT,디스플레이,20230119
272290,이녹스첨단소재,IT,디스플레이,20230119
213420,덕산네오룩스,IT,디스플레이,20230119
095500,미래나노텍,IT,디스플레이,20230119
265520,AP시스템,IT,디스플레이,20230119
121800,비덴트,IT,디스플레이,20230119
123860,아나패스,IT,디스플레이,20230119
108230,톱텍,IT,디스플레이,20230119
004710,한솔테크닉스,IT,디스플레이,20230119
036830,솔브레인홀딩스,IT,디스플레이,20230119
051360,토비스,IT,디스플레이,20230119
068790,DMS,IT,디스플레이,20230119
149950,아바텍,IT,디스플레이,20230119
109740,디에스케이,IT,디스플레이,20230119
079810,디이엔티,IT,디스플레이,20230119
040910,아이씨디,IT,디스플레이,20230119
083930,아바코,IT,디스플레이,20230119
317330,덕산테코피아,IT,디스플레이,20230119
078150,HB테크놀러지,IT,디스플레이,20230119
419080,엔젯,IT,디스플레이,20230119
011690,와이투솔루션,IT,디스플레이,20230119
052330,코텍,IT,디스플레이,20230119
052420,오성첨단소재,IT,디스플레이,20230119
141000,비아트론,IT,디스플레이,20230119
082850,우리바이오,IT,디스플레이,20230119
256940,케이피에스,IT,디스플레이,20230119
171090,선익시스템,IT,디스플레이,20230119
049950,미래컴퍼니,IT,디스플레이,20230119
056700,신화인터텍,IT,디스플레이,20230119
272110,케이엔제이,IT,디스플레이,20230119
155650,와이엠씨,IT,디스플레이,20230119
092190,서울바이오시스,IT,디스플레이,20230119
117730,티로보틱스,IT,디스플레이,20230119
027580,상보,IT,디스플레이,20230119
177350,베셀,IT,디스플레이,20230119
090470,제이스텍,IT,디스플레이,20230119
290090,트윔,IT,디스플레이,20230119
187870,디바이스이엔지,IT,디스플레이,20230119
256630,포인트엔지니어링,IT,디스플레이,20230119
036090,위지트,IT,디스플레이,20230119
255440,야스,IT,디스플레이,20230119
297890,HB솔루션,IT,디스플레이,20230119
080000,에스엔유,IT,디스플레이,20230119
143540,영우디에스피,IT,디스플레이,20230119
110990,디아이티,IT,디스플레이,20230119
170920,엘티씨,IT,디스플레이,20230119
371950,풍원정밀,IT,디스플레이,20230119
347770,핌스,IT,디스플레이,20230119
131760,파인텍,IT,디스플레이,20230119
307180,아이엘사이언스,IT,디스플레이,20230119
137080,나래나노텍,IT,디스플레이,20230119
036170,클라우드에어,IT,디스플레이,20230119
238490,힘스,IT,디스플레이,20230119
088130,동아엘텍,IT,디스플레이,20230119
059100,아이컴포넌트,IT,디스플레이,20230119
351320,에스에이티이엔지,IT,디스플레이,20230119
038060,루멘스,IT,디스플레이,20230119
083500,에프엔에스테크,IT,디스플레이,20230119
054040,한국컴퓨터,IT,디스플레이,20230119
062860,티엘아이,IT,디스플레이,20230119
037330,인지디스플레,IT,디스플레이,20230119
020760,일진디스플,IT,디스플레이,20230119
290520,신도기연,IT,디스플레이,20230119
121850,코이즈,IT,디스플레이,20230119
049120,파인디앤씨,IT,디스플레이,20230119
041520,이라이콤,IT,디스플레이,20230119
073110,엘엠에스,IT,디스플레이,20230119
153490,우리이앤엘,IT,디스플레이,20230119
137940,넥스트아이,IT,디스플레이,20230119
037400,우리엔터프라이즈,IT,디스플레이,20230119
094970,제이엠티,IT,디스플레이,20230119
009310,참엔지니어링,IT,디스플레이,20230119
079950,인베니아,IT,디스플레이,20230119
250930,예선테크,IT,디스플레이,20230119
063760,이엘피,IT,디스플레이,20230119
214310,에스엘바이오닉스,IT,디스플레이,20230119
001210,금호전기,IT,디스플레이,20230119
069330,유아이디,IT,디스플레이,20230119
096870,엘디티,IT,디스플레이,20230119
290690,소룩스,IT,디스플레이,20230119
067770,세진티에스,IT,디스플레이,20230119
321260,프로이천,IT,디스플레이,20230119
017670,SK텔레콤,커뮤니케이션서비스,전기통신서비스,20230119
030200,KT,커뮤니케이션서비스,전기통신서비스,20230119
032640,LG유플러스,커뮤니케이션서비스,전기통신서비스,20230119
006490,인스코비,커뮤니케이션서비스,전기통신서비스,20230119
036630,세종텔레콤,커뮤니케이션서비스,전기통신서비스,20230119
065530,와이어블,커뮤니케이션서비스,전기통신서비스,20230119
078940,코드네이처,커뮤니케이션서비스,전기통신서비스,20230119
035420,NAVER,커뮤니케이션서비스,미디어와엔터테인먼트,20230119
035720,카카오,커뮤니케이션서비스,미디어와엔터테인먼트,20230119
036570,엔씨소프트,커뮤니케이션서비스,미디어와엔터테인먼트,20230119
259960,크래프톤,커뮤니케이션서비스,미디어와엔터테인먼트,20230119
352820,하이브,커뮤니케이션서비스,미디어와엔터테인먼트,20230119
035900,JYP Ent.,커뮤니케이션서비스,미디어와엔터테인먼트,20230119
030000,제일기획,커뮤니케이션서비스,미디어와엔터테인먼트,20230119
041510,에스엠,커뮤니케이션서비스,미디어와엔터테인먼트,20230119
251270,넷마블,커뮤니케이션서비스,미디어와엔터테인먼트,20230119
263750,펄어비스,커뮤니케이션서비스,미디어와엔터테인먼트,20230119
293490,카카오게임즈,커뮤니케이션서비스,미디어와엔터테인먼트,20230119
035760,CJ ENM,커뮤니케이션서비스,미디어와엔터테인먼트,20230119
253450,스튜디오드래곤,커뮤니케이션서비스,미디어와엔터테인먼트,20230119
112040,위메이드,커뮤니케이션서비스,미디어와엔터테인먼트,20230119
122870,와이지엔터테인먼트,커뮤니케이션서비스,미디어와엔터테인먼트,20230119
067160,아프리카TV,커뮤니케이션서비스,미디어와엔터테인먼트,20230119
214320,이노션,커뮤니케이션서비스,미디어와엔터테인먼트,20230119
079160,CJ CGV,커뮤니케이션서비스,미디어와엔터테인먼트,20230119
078340,컴투스,커뮤니케이션서비스,미디어와엔터테인먼트,20230119
095660,네오위즈,커뮤니케이션서비스,미디어와엔터테인먼트,20230119
299900,위지윅스튜디오,커뮤니케이션서비스,미디어와엔터테인먼트,20230119
194480,데브시스터즈,커뮤니케이션서비스,미디어와엔터테인먼트,20230119
192080,더블유게임즈,커뮤니케이션서비스,미디어와엔터테인먼트,20230119
069080,웹젠,커뮤니케이션서비스,미디어와엔터테인먼트,20230119
034120,SBS,커뮤니케이션서비스,미디어와엔터테인먼트,20230119
036420,콘텐트리중앙,커뮤니케이션서비스,미디어와엔터테인먼트,20230119
225570,넥슨게임즈,커뮤니케이션서비스,미디어와엔터테인먼트,20230119
419530,SAMG엔터,커뮤니케이션서비스,미디어와엔터테인먼트,20230119
363280,티와이홀딩스,커뮤니케이션서비스,미디어와엔터테인먼트,20230119
047820,초록뱀미디어,커뮤니케이션서비스,미디어와엔터테인먼트,20230119
206560,덱스터,커뮤니케이션서비스,미디어와엔터테인먼트,20230119
067000,조이시티,커뮤니케이션서비스,미디어와엔터테인먼트,20230119
040300,YTN,커뮤니케이션서비스,미디어와엔터테인먼트,20230119
217270,넵튠,커뮤니케이션서비스,미디어와엔터테인먼트,20230119
053210,스카이라이프,커뮤니케이션서비스,미디어와엔터테인먼트,20230119
101730,위메이드맥스,커뮤니케이션서비스,미디어와엔터테인먼트,20230119
063080,컴투스홀딩스,커뮤니케이션서비스,미디어와엔터테인먼트,20230119
241840,에이스토리,커뮤니케이션서비스,미디어와엔터테인먼트,20230119
230360,에코마케팅,커뮤니케이션서비스,미디어와엔터테인먼트,20230119
037270,YG PLUS,커뮤니케이션서비스,미디어와엔터테인먼트,20230119
182360,큐브엔터,커뮤니케이션서비스,미디어와엔터테인먼트,20230119
037560,LG헬로비전,커뮤니케이션서비스,미디어와엔터테인먼트,20230119
289220,자이언트스텝,커뮤니케이션서비스,미디어와엔터테인먼트,20230119
263720,디앤씨미디어,커뮤니케이션서비스,미디어와엔터테인먼트,20230119
122450,KX,커뮤니케이션서비스,미디어와엔터테인먼트,20230119
020120,키다리스튜디오,커뮤니케이션서비스,미디어와엔터테인먼트,20230119
160550,NEW,커뮤니케이션서비스,미디어와엔터테인먼트,20230119
043610,지니뮤직,커뮤니케이션서비스,미디어와엔터테인먼트,20230119
048550,SM C&C,커뮤니케이션서비스,미디어와엔터테인먼트,20230119
054780,키이스트,커뮤니케이션서비스,미디어와엔터테인먼트,20230119
058630,엠게임,커뮤니케이션서비스,미디어와엔터테인먼트,20230119
048910,대원미디어,커뮤니케이션서비스,미디어와엔터테인먼트,20230119
322780,코퍼스코리아,커뮤니케이션서비스,미디어와엔터테인먼트,20230119
089600,나스미디어,커뮤니케이션서비스,미디어와엔터테인먼트,20230119
042420,네오위즈홀딩스,커뮤니케이션서비스,미디어와엔터테인먼트,20230119
057680,티사이언티픽,커뮤니케이션서비스,미디어와엔터테인먼트,20230119
200350,래몽래인,커뮤니케이션서비스,미디어와엔터테인먼트,20230119
205500,액션스퀘어,커뮤니케이션서비스,미디어와엔터테인먼트,20230119
086980,쇼박스,커뮤니케이션서비스,미디어와엔터테인먼트,20230119
201490,미투온,커뮤니케이션서비스,미디어와엔터테인먼트,20230119
207760,미스터블루,커뮤니케이션서비스,미디어와엔터테인먼트,20230119
361570,알비더블유,커뮤니케이션서비스,미디어와엔터테인먼트,20230119
216050,인크로스,커뮤니케이션서비스,미디어와엔터테인먼트,20230119
300080,플리토,커뮤니케이션서비스,미디어와엔터테인먼트,20230119
123420,위메이드플레이,커뮤니케이션서비스,미디어와엔터테인먼트,20230119
046390,삼화네트웍스,커뮤니케이션서비스,미디어와엔터테인먼트,20230119
068050,팬엔터테인먼트,커뮤니케이션서비스,미디어와엔터테인먼트,20230119
310200,애니플러스,커뮤니케이션서비스,미디어와엔터테인먼트,20230119
214270,FSN,커뮤니케이션서비스,미디어와엔터테인먼트,20230119
063440,SM Life Design,커뮤니케이션서비스,미디어와엔터테인먼트,20230119
039340,한국경제TV,커뮤니케이션서비스,미디어와엔터테인먼트,20230119
291230,엔피,커뮤니케이션서비스,미디어와엔터테인먼트,20230119
058400,KNN,커뮤니케이션서비스,미디어와엔터테인먼트,20230119
033130,디지틀조선,커뮤니케이션서비스,미디어와엔터테인먼트,20230119
033830,티비씨,커뮤니케이션서비스,미디어와엔터테인먼트,20230119
363260,모비데이즈,커뮤니케이션서비스,미디어와엔터테인먼트,20230119
012170,아센디오,커뮤니케이션서비스,미디어와엔터테인먼트,20230119
035000,지투알,커뮤니케이션서비스,미디어와엔터테인먼트,20230119
236810,엔비티,커뮤니케이션서비스,미디어와엔터테인먼트,20230119
208640,썸에이지,커뮤니케이션서비스,미디어와엔터테인먼트,20230119
389140,포바이포,커뮤니케이션서비스,미디어와엔터테인먼트,20230119
417180,핑거스토리,커뮤니케이션서비스,미디어와엔터테인먼트,20230119
204630,스튜디오산타클로스,커뮤니케이션서비스,미디어와엔터테인먼트,20230119
239340,줌인터넷,커뮤니케이션서비스,미디어와엔터테인먼트,20230119
173940,에프엔씨엔터,커뮤니케이션서비스,미디어와엔터테인먼트,20230119
348030,모비릭스,커뮤니케이션서비스,미디어와엔터테인먼트,20230119
331520,밸로프,커뮤니케이션서비스,미디어와엔터테인먼트,20230119
089230,THE E&M,커뮤니케이션서비스,미디어와엔터테인먼트,20230119
123570,이엠넷,커뮤니케이션서비스,미디어와엔터테인먼트,20230119
010470,오리콤,커뮤니케이션서비스,미디어와엔터테인먼트,20230119
035620,바른손이앤에이,커뮤니케이션서비스,미디어와엔터테인먼트,20230119
060240,룽투코리아,커뮤니케이션서비스,미디어와엔터테인먼트,20230119
060570,드림어스컴퍼니,커뮤니케이션서비스,미디어와엔터테인먼트,20230119
052790,액토즈소프트,커뮤니케이션서비스,미디어와엔터테인먼트,20230119
047080,한빛소프트,커뮤니케이션서비스,미디어와엔터테인먼트,20230119
023770,플레이위드,커뮤니케이션서비스,미디어와엔터테인먼트,20230119
104200,NHN벅스,커뮤니케이션서비스,미디어와엔터테인먼트,20230119
032800,판타지오,커뮤니케이션서비스,미디어와엔터테인먼트,20230119
052300,초록뱀컴퍼니,커뮤니케이션서비스,미디어와엔터테인먼트,20230119
204610,티쓰리,커뮤니케이션서비스,미디어와엔터테인먼트,20230119
317530,캐리소프트,커뮤니케이션서비스,미디어와엔터테인먼트,20230119
273060,와이즈버즈,커뮤니케이션서비스,미디어와엔터테인먼트,20230119
011420,갤럭시아에스엠,커뮤니케이션서비스,미디어와엔터테인먼트,20230119
003560,IHQ,커뮤니케이션서비스,미디어와엔터테인먼트,20230119
052220,iMBC,커뮤니케이션서비스,미디어와엔터테인먼트,20230119
046140,SBS콘텐츠허브,커뮤니케이션서비스,미디어와엔터테인먼트,20230119
127710,아시아경제,커뮤니케이션서비스,미디어와엔터테인먼트,20230119
030350,드래곤플라이,커뮤니케이션서비스,미디어와엔터테인먼트,20230119
066790,씨씨에스,커뮤니케이션서비스,미디어와엔터테인먼트,20230119
078860,아이오케이,커뮤니케이션서비스,미디어와엔터테인먼트,20230119
036000,예림당,커뮤니케이션서비스,미디어와엔터테인먼트,20230119
237820,플레이디,커뮤니케이션서비스,미디어와엔터테인먼트,20230119
015760,한국전력,유틸리티,유틸리티,20230119
036460,한국가스공사,유틸리티,유틸리티,20230119
004690,삼천리,유틸리티,유틸리티,20230119
051600,한전KPS,유틸리티,유틸리티,20230119
052690,한전기술,유틸리티,유틸리티,20230119
016710,대성홀딩스,유틸리티,유틸리티,20230119
018670,SK가스,유틸리티,유틸리티,20230119
017390,서울가스,유틸리티,유틸리티,20230119
130660,한전산업,유틸리티,유틸리티,20230119
017940,E1,유틸리티,유틸리티,20230119
071320,지역난방공사,유틸리티,유틸리티,20230119
267290,경동도시가스,유틸리티,유틸리티,20230119
117580,대성에너지,유틸리티,유틸리티,20230119
015360,예스코홀딩스,유틸리티,유틸리티,20230119
053050,지에스이,유틸리티,유틸리티,20230119
003480,한진중공업홀딩스,유틸리티,유틸리티,20230119
034590,인천도시가스,유틸리티,유틸리티,20230119
