종목코드,종목명,산업,섹터,날짜
096770,SK이노베이션,에너지,에너지,20220419
010950,S-Oil,에너지,에너지,20220419
267250,HD현대,에너지,에너지,20220419
078930,GS,에너지,에너지,20220419
005090,SGC에너지,에너지,에너지,20220419
006120,SK디스커버리,에너지,에너지,20220419
001390,KG케미칼,에너지,에너지,20220419
041590,플래스크,에너지,에너지,20220419
060900,대한그린파워,에너지,에너지,20220419
002960,한국쉘석유,에너지,에너지,20220419
046120,오르비텍,에너지,에너지,20220419
137950,제이씨케미칼,에너지,에너지,20220419
093230,이아이디,에너지,에너지,20220419
322000,현대에너지솔루션,에너지,에너지,20220419
099220,SDN,에너지,에너지,20220419
091090,세원이앤씨,에너지,에너지,20220419
128820,대성산업,에너지,에너지,20220419
014530,극동유화,에너지,에너지,20220419
024060,흥구석유,에너지,에너지,20220419
003650,미창석유,에너지,에너지,20220419
013810,스페코,에너지,에너지,20220419
095910,에스에너지,에너지,에너지,20220419
270520,지엔원에너지,에너지,에너지,20220419
000440,중앙에너비스,에너지,에너지,20220419
043200,파루,에너지,에너지,20220419
078940,코드네이처,에너지,에너지,20220419
294630,서남,에너지,에너지,20220419
012320,경동인베스트,에너지,에너지,20220419
313760,윌링스,에너지,에너지,20220419
051910,LG화학,소재,소재,20220419
005490,POSCO홀딩스,소재,소재,20220419
010130,고려아연,소재,소재,20220419
009830,한화솔루션,소재,소재,20220419
004020,현대제철,소재,소재,20220419
003670,포스코케미칼,소재,소재,20220419
011170,롯데케미칼,소재,소재,20220419
011790,SKC,소재,소재,20220419
011780,금호석유,소재,소재,20220419
014680,한솔케미칼,소재,소재,20220419
010060,OCI,소재,소재,20220419
086520,에코프로,소재,소재,20220419
004000,롯데정밀화학,소재,소재,20220419
285130,SK케미칼,소재,소재,20220419
001230,동국제강,소재,소재,20220419
298050,효성첨단소재,소재,소재,20220419
005070,코스모신소재,소재,소재,20220419
120110,코오롱인더,소재,소재,20220419
000210,DL,소재,소재,20220419
093370,후성,소재,소재,20220419
383310,에코프로에이치엔,소재,소재,20220419
178920,PI첨단소재,소재,소재,20220419
014830,유니드,소재,소재,20220419
005690,파미셀,소재,소재,20220419
103140,풍산,소재,소재,20220419
016380,KG스틸,소재,소재,20220419
006650,대한유화,소재,소재,20220419
069260,TKG휴켐스,소재,소재,20220419
121600,나노신소재,소재,소재,20220419
298000,효성화학,소재,소재,20220419
004430,송원산업,소재,소재,20220419
007690,국도화학,소재,소재,20220419
025860,남해화학,소재,소재,20220419
014820,동원시스템즈,소재,소재,20220419
102710,이엔에프테크놀로지,소재,소재,20220419
005420,코스모화학,소재,소재,20220419
008350,남선알미늄,소재,소재,20220419
151860,KG ETS,소재,소재,20220419
078130,국일제지,소재,소재,20220419
161000,애경케미칼,소재,소재,20220419
005950,이수화학,소재,소재,20220419
089010,켐트로닉스,소재,소재,20220419
104830,원익머트리얼즈,소재,소재,20220419
084010,대한제강,소재,소재,20220419
003240,태광산업,소재,소재,20220419
003030,세아제강지주,소재,소재,20220419
002840,미원상사,소재,소재,20220419
213500,한솔제지,소재,소재,20220419
001430,세아베스틸지주,소재,소재,20220419
139990,아주스틸,소재,소재,20220419
104480,티케이케미칼,소재,소재,20220419
033500,동성화인텍,소재,소재,20220419
008730,율촌화학,소재,소재,20220419
002310,아세아제지,소재,소재,20220419
055490,테이팩스,소재,소재,20220419
115390,락앤락,소재,소재,20220419
268280,미원에스씨,소재,소재,20220419
004890,동일산업,소재,소재,20220419
104700,한국철강,소재,소재,20220419
101360,이엔드디,소재,소재,20220419
016590,신대양제지,소재,소재,20220419
239890,피엔에이치테크,소재,소재,20220419
034810,해성산업,소재,소재,20220419
012610,경인양행,소재,소재,20220419
220260,켐트로스,소재,소재,20220419
281740,레이크머티리얼즈,소재,소재,20220419
306200,세아제강,소재,소재,20220419
081000,일진다이아,소재,소재,20220419
100130,동국S&C,소재,소재,20220419
002240,고려제강,소재,소재,20220419
006380,카프로,소재,소재,20220419
251370,와이엠티,소재,소재,20220419
001780,알루코,소재,소재,20220419
002030,아세아,소재,소재,20220419
004560,현대비앤지스틸,소재,소재,20220419
009520,포스코엠텍,소재,소재,20220419
002810,삼영무역,소재,소재,20220419
138490,코오롱플라스틱,소재,소재,20220419
011500,한농화성,소재,소재,20220419
002710,TCC스틸,소재,소재,20220419
017890,한국알콜,소재,소재,20220419
058430,포스코스틸리온,소재,소재,20220419
001340,백광산업,소재,소재,20220419
069460,대호에이엘,소재,소재,20220419
005810,풍산홀딩스,소재,소재,20220419
006110,삼아알미늄,소재,소재,20220419
102260,동성케미컬,소재,소재,20220419
115960,연우,소재,소재,20220419
024090,디씨엠,소재,소재,20220419
008970,동양철관,소재,소재,20220419
014160,대영포장,소재,소재,20220419
000180,성창기업지주,소재,소재,20220419
009190,대양금속,소재,소재,20220419
290380,대유,소재,소재,20220419
042040,케이피엠테크,소재,소재,20220419
000970,한국주철관,소재,소재,20220419
001940,KISCO홀딩스,소재,소재,20220419
004150,한솔홀딩스,소재,소재,20220419
081150,티플랙스,소재,소재,20220419
136410,아셈스,소재,소재,20220419
033310,엠투엔,소재,소재,20220419
012800,대창,소재,소재,20220419
004540,깨끗한나라,소재,소재,20220419
107590,미원홀딩스,소재,소재,20220419
006840,AK홀딩스,소재,소재,20220419
009580,무림P&P,소재,소재,20220419
272550,삼양패키징,소재,소재,20220419
004090,한국석유,소재,소재,20220419
001570,금양,소재,소재,20220419
018470,조일알미늄,소재,소재,20220419
005010,휴스틸,소재,소재,20220419
025000,KPX케미칼,소재,소재,20220419
025550,한국선재,소재,소재,20220419
005160,동국산업,소재,소재,20220419
251970,펌텍코리아,소재,소재,20220419
003720,삼영화학,소재,소재,20220419
011280,태림포장,소재,소재,20220419
002360,SH에너지화학,소재,소재,20220419
037370,EG,소재,소재,20220419
036620,감성코퍼레이션,소재,소재,20220419
023600,삼보판지,소재,소재,20220419
006890,태경케미컬,소재,소재,20220419
083420,그린케미칼,소재,소재,20220419
247660,나노씨엠에스,소재,소재,20220419
124500,아이티센,소재,소재,20220419
025820,이구산업,소재,소재,20220419
010040,한국내화,소재,소재,20220419
015890,태경산업,소재,소재,20220419
023450,동남합성,소재,소재,20220419
032560,황금에스티,소재,소재,20220419
100250,진양홀딩스,소재,소재,20220419
023440,제이스코홀딩스,소재,소재,20220419
009460,한창제지,소재,소재,20220419
014580,태경비케이,소재,소재,20220419
014190,원익큐브,소재,소재,20220419
120240,대정화금,소재,소재,20220419
036640,HRS,소재,소재,20220419
039240,경남스틸,소재,소재,20220419
003780,진양산업,소재,소재,20220419
000480,조선내화,소재,소재,20220419
294140,레몬,소재,소재,20220419
006740,영풍제지,소재,소재,20220419
008260,NI스틸,소재,소재,20220419
008420,문배철강,소재,소재,20220419
396300,세아메카닉스,소재,소재,20220419
002100,경농,소재,소재,20220419
007280,한국특강,소재,소재,20220419
021050,서원,소재,소재,20220419
053260,금강철강,소재,소재,20220419
009200,무림페이퍼,소재,소재,20220419
071090,하이스틸,소재,소재,20220419
097870,효성오앤비,소재,소재,20220419
352940,인바이오,소재,소재,20220419
002200,한국수출포장,소재,소재,20220419
007590,동방아그로,소재,소재,20220419
009620,삼보산업,소재,소재,20220419
036670,KCI,소재,소재,20220419
001080,만호제강,소재,소재,20220419
357550,석경에이티,소재,소재,20220419
092230,KPX홀딩스,소재,소재,20220419
133820,화인베스틸,소재,소재,20220419
045060,오공,소재,소재,20220419
134380,미원화학,소재,소재,20220419
048470,대동스틸,소재,소재,20220419
058650,세아홀딩스,소재,소재,20220419
120030,조선선재,소재,소재,20220419
026940,부국철강,소재,소재,20220419
128660,피제이메탈,소재,소재,20220419
017480,삼현철강,소재,소재,20220419
177830,파버나인,소재,소재,20220419
002220,한일철강,소재,소재,20220419
066430,와이오엠,소재,소재,20220419
014440,영보화학,소재,소재,20220419
037230,한국팩키지,소재,소재,20220419
027970,세하,소재,소재,20220419
001550,조비,소재,소재,20220419
286750,나노브릭,소재,소재,20220419
332290,누보,소재,소재,20220419
101240,씨큐브,소재,소재,20220419
003830,대한화섬,소재,소재,20220419
075970,동국알앤에스,소재,소재,20220419
004780,대륙제관,소재,소재,20220419
050760,에스폴리텍,소재,소재,20220419
019440,세아특수강,소재,소재,20220419
222420,쎄노텍,소재,소재,20220419
021040,대호특수강,소재,소재,20220419
187790,나노,소재,소재,20220419
196700,웹스,소재,소재,20220419
037760,쎄니트,소재,소재,20220419
017650,대림제지,소재,소재,20220419
318000,KBG,소재,소재,20220419
069730,DSR제강,소재,소재,20220419
002820,SUN&L,소재,소재,20220419
012160,영흥,소재,소재,20220419
012620,원일특강,소재,소재,20220419
001810,무림SP,소재,소재,20220419
004450,삼화왕관,소재,소재,20220419
002870,신풍제지,소재,소재,20220419
001020,페이퍼코리아,소재,소재,20220419
060380,동양에스텍,소재,소재,20220419
010640,진양폴리,소재,소재,20220419
110020,전진바이오팜,소재,소재,20220419
155660,DSR,소재,소재,20220419
002690,동일제강,소재,소재,20220419
024070,WISCOM,소재,소재,20220419
001560,제일연마,소재,소재,20220419
140520,대창스틸,소재,소재,20220419
263770,유에스티,소재,소재,20220419
008370,원풍,소재,소재,20220419
003080,성보화학,소재,소재,20220419
060480,국일신동,소재,소재,20220419
051630,진양화학,소재,소재,20220419
010420,한솔PNS,소재,소재,20220419
079170,한창산업,소재,소재,20220419
007770,한일화학,소재,소재,20220419
048830,엔피케이,소재,소재,20220419
000590,CS홀딩스,소재,소재,20220419
025890,한국주강,소재,소재,20220419
340440,세림B&G,소재,소재,20220419
001770,SHD,소재,소재,20220419
049830,승일,소재,소재,20220419
026910,광진실업,소재,소재,20220419
008870,금비,소재,소재,20220419
014970,삼륭물산,소재,소재,20220419
054410,케이피티유,소재,소재,20220419
115570,스타플렉스,소재,소재,20220419
221980,케이디켐,소재,소재,20220419
005820,원림,소재,소재,20220419
023790,동일철강,소재,소재,20220419
000760,이화산업,소재,소재,20220419
028260,삼성물산,산업재,자본재,20220419
034730,SK,산업재,자본재,20220419
034020,두산중공업,산업재,자본재,20220419
003550,LG,산업재,자본재,20220419
009540,한국조선해양,산업재,자본재,20220419
028050,삼성엔지니어링,산업재,자본재,20220419
010140,삼성중공업,산업재,자본재,20220419
000720,현대건설,산업재,자본재,20220419
047810,한국항공우주,산업재,자본재,20220419
028300,HLB,산업재,자본재,20220419
006360,GS건설,산업재,자본재,20220419
329180,현대중공업,산업재,자본재,20220419
241560,두산밥캣,산업재,자본재,20220419
010620,현대미포조선,산업재,자본재,20220419
012450,한화에어로스페이스,산업재,자본재,20220419
375500,DL이앤씨,산업재,자본재,20220419
002380,KCC,산업재,자본재,20220419
064350,현대로템,산업재,자본재,20220419
047040,대우건설,산업재,자본재,20220419
001040,CJ,산업재,자본재,20220419
047050,포스코인터내셔널,산업재,자본재,20220419
017800,현대엘리베이,산업재,자본재,20220419
001120,LX인터내셔널,산업재,자본재,20220419
006260,LS,산업재,자본재,20220419
272210,한화시스템,산업재,자본재,20220419
112610,씨에스윈드,산업재,자본재,20220419
042660,대우조선해양,산업재,자본재,20220419
003410,쌍용C&E,산업재,자본재,20220419
079550,LIG넥스원,산업재,자본재,20220419
042670,현대두산인프라코어,산업재,자본재,20220419
009240,한샘,산업재,자본재,20220419
010780,아이에스동서,산업재,자본재,20220419
004800,효성,산업재,자본재,20220419
010120,LS ELECTRIC,산업재,자본재,20220419
363280,티와이홀딩스,산업재,자본재,20220419
056190,에스에프에이,산업재,자본재,20220419
001740,SK네트웍스,산업재,자본재,20220419
294870,HDC현대산업개발,산업재,자본재,20220419
013890,지누스,산업재,자본재,20220419
001440,대한전선,산업재,자본재,20220419
344820,KCC글라스,산업재,자본재,20220419
000150,두산,산업재,자본재,20220419
100090,삼강엠앤티,산업재,자본재,20220419
267260,현대일렉트릭,산업재,자본재,20220419
267270,현대건설기계,산업재,자본재,20220419
001470,삼부토건,산업재,자본재,20220419
383800,LX홀딩스,산업재,자본재,20220419
300720,한일시멘트,산업재,자본재,20220419
017960,한국카본,산업재,자본재,20220419
108670,LX하우시스,산업재,자본재,20220419
099320,쎄트렉아이,산업재,자본재,20220419
082740,HSD엔진,산업재,자본재,20220419
018000,유니슨,산업재,자본재,20220419
006910,보성파워텍,산업재,자본재,20220419
025900,동화기업,산업재,자본재,20220419
090710,휴림로봇,산업재,자본재,20220419
002900,TYM,산업재,자본재,20220419
007460,에이프로젠 MED,산업재,자본재,20220419
298040,효성중공업,산업재,자본재,20220419
011700,한신기계,산업재,자본재,20220419
004980,성신양회,산업재,자본재,20220419
183190,아세아시멘트,산업재,자본재,20220419
012630,HDC,산업재,자본재,20220419
000490,대동,산업재,자본재,20220419
023410,유진기업,산업재,자본재,20220419
282880,코윈테크,산업재,자본재,20220419
074610,이엔플러스,산업재,자본재,20220419
094820,일진파워,산업재,자본재,20220419
001880,DL건설,산업재,자본재,20220419
038500,삼표시멘트,산업재,자본재,20220419
009160,SIMPAC,산업재,자본재,20220419
035890,서희건설,산업재,자본재,20220419
001520,동양,산업재,자본재,20220419
013580,계룡건설,산업재,자본재,20220419
013120,동원개발,산업재,자본재,20220419
002990,금호건설,산업재,자본재,20220419
002780,진흥기업,산업재,자본재,20220419
079430,현대리바트,산업재,자본재,20220419
002020,코오롱,산업재,자본재,20220419
019210,와이지-원,산업재,자본재,20220419
011760,현대코퍼레이션,산업재,자본재,20220419
007210,벽산,산업재,자본재,20220419
014200,광림,산업재,자본재,20220419
090360,로보스타,산업재,자본재,20220419
014620,성광벤드,산업재,자본재,20220419
002460,화성산업,산업재,자본재,20220419
013030,하이록코리아,산업재,자본재,20220419
023160,태광,산업재,자본재,20220419
011370,서한,산업재,자본재,20220419
104460,디와이피엔에프,산업재,자본재,20220419
067390,아스트,산업재,자본재,20220419
018310,삼목에스폼,산업재,자본재,20220419
060310,3S,산업재,자본재,20220419
075580,세진중공업,산업재,자본재,20220419
361390,제노코,산업재,자본재,20220419
045100,한양이엔지,산업재,자본재,20220419
003300,한일홀딩스,산업재,자본재,20220419
000390,삼화페인트,산업재,자본재,20220419
026150,특수건설,산업재,자본재,20220419
028100,동아지질,산업재,자본재,20220419
014280,금강공업,산업재,자본재,20220419
277810,레인보우로보틱스,산업재,자본재,20220419
095190,이엠코리아,산업재,자본재,20220419
001250,GS글로벌,산업재,자본재,20220419
036890,진성티이씨,산업재,자본재,20220419
013570,디와이,산업재,자본재,20220419
010170,대한광통신,산업재,자본재,20220419
004960,한신공영,산업재,자본재,20220419
064820,케이프,산업재,자본재,20220419
065450,빅텍,산업재,자본재,20220419
126880,제이엔케이히터,산업재,자본재,20220419
043220,티에스넥스젠,산업재,자본재,20220419
073640,테라사이언스,산업재,자본재,20220419
002150,도화엔지니어링,산업재,자본재,20220419
016800,퍼시스,산업재,자본재,20220419
126340,비나텍,산업재,자본재,20220419
052300,초록뱀컴퍼니,산업재,자본재,20220419
277880,티에스아이,산업재,자본재,20220419
003070,코오롱글로벌,산업재,자본재,20220419
036190,금화피에스시,산업재,자본재,20220419
005960,동부건설,산업재,자본재,20220419
009410,태영건설,산업재,자본재,20220419
105840,우진,산업재,자본재,20220419
090350,노루페인트,산업재,자본재,20220419
097230,HJ중공업,산업재,자본재,20220419
015860,일진홀딩스,산업재,자본재,20220419
186230,그린플러스,산업재,자본재,20220419
025750,한솔홈데코,산업재,자본재,20220419
014790,한라,산업재,자본재,20220419
010820,퍼스텍,산업재,자본재,20220419
210540,디와이파워,산업재,자본재,20220419
016880,웅진,산업재,자본재,20220419
140670,알에스오토메이션,산업재,자본재,20220419
109610,에스와이,산업재,자본재,20220419
006340,대원전선,산업재,자본재,20220419
007820,에스엠코어,산업재,자본재,20220419
317400,자이에스앤디,산업재,자본재,20220419
017000,신원종합개발,산업재,자본재,20220419
005870,휴니드,산업재,자본재,20220419
042370,비츠로테크,산업재,자본재,20220419
019990,에너토크,산업재,자본재,20220419
006390,한일현대시멘트,산업재,자본재,20220419
065950,웰크론,산업재,자본재,20220419
051490,나라엠앤디,산업재,자본재,20220419
013360,일성건설,산업재,자본재,20220419
053690,한미글로벌,산업재,자본재,20220419
274090,켄코아에어로스페이스,산업재,자본재,20220419
042940,상지카일룸,산업재,자본재,20220419
014940,오리엔탈정공,산업재,자본재,20220419
071670,에이테크솔루션,산업재,자본재,20220419
039570,HDC랩스,산업재,자본재,20220419
002410,범양건영,산업재,자본재,20220419
024810,이화전기,산업재,자본재,20220419
060560,홈센타홀딩스,산업재,자본재,20220419
225530,보광산업,산업재,자본재,20220419
007110,일신석재,산업재,자본재,20220419
044060,조광ILI,산업재,자본재,20220419
004380,삼익THK,산업재,자본재,20220419
388720,유일로보틱스,산업재,자본재,20220419
103590,일진전기,산업재,자본재,20220419
010960,삼호개발,산업재,자본재,20220419
214430,아이쓰리시스템,산업재,자본재,20220419
000860,강남제비스코,산업재,자본재,20220419
034300,신세계건설,산업재,자본재,20220419
008250,이건산업,산업재,자본재,20220419
001840,이화공영,산업재,자본재,20220419
011090,에넥스,산업재,자본재,20220419
229640,LS전선아시아,산업재,자본재,20220419
036560,영풍정밀,산업재,자본재,20220419
089140,넥스턴바이오,산업재,자본재,20220419
309930,오하임아이엔티,산업재,자본재,20220419
017040,광명전기,산업재,자본재,20220419
297090,씨에스베어링,산업재,자본재,20220419
101930,인화정공,산업재,자본재,20220419
060370,KT서브마린,산업재,자본재,20220419
037440,희림,산업재,자본재,20220419
000910,유니온,산업재,자본재,20220419
017550,수산중공업,산업재,자본재,20220419
021320,KCC건설,산업재,자본재,20220419
096350,대창솔루션,산업재,자본재,20220419
013700,까뮤이앤씨,산업재,자본재,20220419
066620,국보디자인,산업재,자본재,20220419
085310,엔케이,산업재,자본재,20220419
015230,대창단조,산업재,자본재,20220419
053080,원방테크,산업재,자본재,20220419
084180,EV수성,산업재,자본재,20220419
025950,동신건설,산업재,자본재,20220419
016250,SGC이테크건설,산업재,자본재,20220419
230980,에이트원,산업재,자본재,20220419
105740,디케이락,산업재,자본재,20220419
119650,KC코트렐,산업재,자본재,20220419
005750,대림B&Co,산업재,자본재,20220419
046940,우원개발,산업재,자본재,20220419
090410,덕신하우징,산업재,자본재,20220419
198440,고려시멘트,산업재,자본재,20220419
054180,메디콕스,산업재,자본재,20220419
024880,케이피에프,산업재,자본재,20220419
003800,에이스침대,산업재,자본재,20220419
049430,코메론,산업재,자본재,20220419
033540,파라텍,산업재,자본재,20220419
049800,우진플라임,산업재,자본재,20220419
077970,STX엔진,산업재,자본재,20220419
109860,동일금속,산업재,자본재,20220419
083650,비에이치아이,산업재,자본재,20220419
011390,부산산업,산업재,자본재,20220419
004440,삼일씨엔에스,산업재,자본재,20220419
108380,대양전기공업,산업재,자본재,20220419
000500,가온전선,산업재,자본재,20220419
388050,지투파워,산업재,자본재,20220419
033100,제룡전기,산업재,자본재,20220419
006050,국영지앤엠,산업재,자본재,20220419
226360,KH 건설,산업재,자본재,20220419
000320,노루홀딩스,산업재,자본재,20220419
039020,이건홀딩스,산업재,자본재,20220419
022220,정산애강,산업재,자본재,20220419
001260,남광토건,산업재,자본재,20220419
071970,STX중공업,산업재,자본재,20220419
171120,라이온켐텍,산업재,자본재,20220419
015590,큐로,산업재,자본재,20220419
037350,성도이엔지,산업재,자본재,20220419
004910,조광페인트,산업재,자본재,20220419
076080,웰크론한텍,산업재,자본재,20220419
119850,지엔씨에너지,산업재,자본재,20220419
009440,KC그린홀딩스,산업재,자본재,20220419
003010,혜인,산업재,자본재,20220419
054540,삼영엠텍,산업재,자본재,20220419
058730,다스코,산업재,자본재,20220419
091590,남화토건,산업재,자본재,20220419
050860,아세아텍,산업재,자본재,20220419
255220,SG,산업재,자본재,20220419
006920,모헨즈,산업재,자본재,20220419
199820,제일전기공업,산업재,자본재,20220419
086670,비엠티,산업재,자본재,20220419
119500,포메탈,산업재,자본재,20220419
024840,KBI메탈,산업재,자본재,20220419
099440,스맥,산업재,자본재,20220419
092460,한라IMS,산업재,자본재,20220419
100840,SNT에너지,산업재,자본재,20220419
099410,동방선기,산업재,자본재,20220419
039610,화성밸브,산업재,자본재,20220419
065570,삼영이엔씨,산업재,자본재,20220419
041440,현대에버다임,산업재,자본재,20220419
189860,서전기전,산업재,자본재,20220419
159010,아스플로,산업재,자본재,20220419
228340,동양파일,산업재,자본재,20220419
017510,세명전기,산업재,자본재,20220419
221840,하이즈항공,산업재,자본재,20220419
023960,에쓰씨엔지니어링,산업재,자본재,20220419
147830,제룡산업,산업재,자본재,20220419
000850,화천기공,산업재,자본재,20220419
010240,흥국,산업재,자본재,20220419
002290,삼일기업공사,산업재,자본재,20220419
044780,에이치케이,산업재,자본재,20220419
035200,프럼파스트,산업재,자본재,20220419
010660,화천기계,산업재,자본재,20220419
092440,기신정기,산업재,자본재,20220419
008830,대동기어,산업재,자본재,20220419
008470,부스타,산업재,자본재,20220419
011560,세보엠이씨,산업재,자본재,20220419
038010,제일테크노스,산업재,자본재,20220419
023350,한국종합기술,산업재,자본재,20220419
317850,대모,산업재,자본재,20220419
101170,우림피티에스,산업재,자본재,20220419
138070,신진에스엠,산업재,자본재,20220419
101670,코리아에스이,산업재,자본재,20220419
048770,TPC,산업재,자본재,20220419
043340,에쎈테크,산업재,자본재,20220419
054930,유신,산업재,자본재,20220419
011810,STX,산업재,자본재,20220419
044180,KD,산업재,자본재,20220419
101000,상상인인더스트리,산업재,자본재,20220419
134790,시디즈,산업재,자본재,20220419
071950,코아스,산업재,자본재,20220419
100660,서암기계공업,산업재,자본재,20220419
060260,뉴보텍,산업재,자본재,20220419
237750,피앤씨테크,산업재,자본재,20220419
073010,케이에스피,산업재,자본재,20220419
254120,자비스,산업재,자본재,20220419
007680,대원,산업재,자본재,20220419
333430,일승,산업재,자본재,20220419
317830,에스피시스템스,산업재,자본재,20220419
192390,윈하이텍,산업재,자본재,20220419
079000,와토스코리아,산업재,자본재,20220419
010400,우진아이엔에스,산업재,자본재,20220419
053160,프리엠스,산업재,자본재,20220419
079650,서산,산업재,자본재,20220419
059270,해성티피씨,산업재,자본재,20220419
073190,듀오백,산업재,자본재,20220419
006570,대림통상,산업재,자본재,20220419
012750,에스원,산업재,상업서비스와공급품,20220419
030190,NICE평가정보,산업재,상업서비스와공급품,20220419
034310,NICE,산업재,상업서비스와공급품,20220419
060150,인선이엔티,산업재,상업서비스와공급품,20220419
143240,사람인에이치알,산업재,상업서비스와공급품,20220419
122900,아이마켓코리아,산업재,상업서비스와공급품,20220419
090850,현대이지웰,산업재,상업서비스와공급품,20220419
029960,코엔텍,산업재,상업서비스와공급품,20220419
036800,나이스정보통신,산업재,상업서비스와공급품,20220419
043910,자연과환경,산업재,상업서비스와공급품,20220419
377450,리파인,산업재,상업서비스와공급품,20220419
130580,나이스디앤비,산업재,상업서비스와공급품,20220419
034950,한국기업평가,산업재,상업서비스와공급품,20220419
092130,이크레더블,산업재,상업서비스와공급품,20220419
058850,KTcs,산업재,상업서비스와공급품,20220419
058860,KTis,산업재,상업서비스와공급품,20220419
049720,고려신용정보,산업재,상업서비스와공급품,20220419
094280,효성ITX,산업재,상업서비스와공급품,20220419
036120,SCI평가정보,산업재,상업서비스와공급품,20220419
069140,누리플랜,산업재,상업서비스와공급품,20220419
033050,제이엠아이,산업재,상업서비스와공급품,20220419
030960,양지사,산업재,상업서비스와공급품,20220419
011200,HMM,산업재,운송,20220419
003490,대한항공,산업재,운송,20220419
088980,맥쿼리인프라,산업재,운송,20220419
086280,현대글로비스,산업재,운송,20220419
180640,한진칼,산업재,운송,20220419
028670,팬오션,산업재,운송,20220419
000120,CJ대한통운,산업재,운송,20220419
020560,아시아나항공,산업재,운송,20220419
089860,롯데렌탈,산업재,운송,20220419
003280,흥아해운,산업재,운송,20220419
089590,제주항공,산업재,운송,20220419
272450,진에어,산업재,운송,20220419
319400,현대무벡스,산업재,운송,20220419
005880,대한해운,산업재,운송,20220419
002320,한진,산업재,운송,20220419
298690,에어부산,산업재,운송,20220419
091810,티웨이항공,산업재,운송,20220419
003100,선광,산업재,운송,20220419
009070,KCTC,산업재,운송,20220419
044450,KSS해운,산업재,운송,20220419
004140,동방,산업재,운송,20220419
067900,와이엔텍,산업재,운송,20220419
004360,세방,산업재,운송,20220419
068400,SK렌터카,산업재,운송,20220419
009180,한솔로지스틱스,산업재,운송,20220419
124560,태웅로직스,산업재,운송,20220419
001140,국보,산업재,운송,20220419
095570,AJ네트웍스,산업재,운송,20220419
000700,유수홀딩스,산업재,운송,20220419
005430,한국공항,산업재,운송,20220419
155900,바다로19호,산업재,운송,20220419
040610,SG&G,산업재,운송,20220419
024800,유성티엔에스,산업재,운송,20220419
038390,레드캡투어,산업재,운송,20220419
014130,한익스프레스,산업재,운송,20220419
045340,토탈소프트,산업재,운송,20220419
129260,인터지스,산업재,운송,20220419
004870,티웨이홀딩스,산업재,운송,20220419
036000,예림당,산업재,운송,20220419
084670,동양고속,산업재,운송,20220419
032280,삼일,산업재,운송,20220419
000650,천일고속,산업재,운송,20220419
005380,현대차,경기관련소비재,자동차와부품,20220419
000270,기아,경기관련소비재,자동차와부품,20220419
012330,현대모비스,경기관련소비재,자동차와부품,20220419
161390,한국타이어앤테크놀로지,경기관련소비재,자동차와부품,20220419
018880,한온시스템,경기관련소비재,자동차와부품,20220419
204320,만도,경기관련소비재,자동차와부품,20220419
011210,현대위아,경기관련소비재,자동차와부품,20220419
004490,세방전지,경기관련소비재,자동차와부품,20220419
271940,일진하이솔루스,경기관련소비재,자동차와부품,20220419
009900,명신산업,경기관련소비재,자동차와부품,20220419
025540,한국단자,경기관련소비재,자동차와부품,20220419
005850,에스엘,경기관련소비재,자동차와부품,20220419
064960,SNT모티브,경기관련소비재,자동차와부품,20220419
073240,금호타이어,경기관련소비재,자동차와부품,20220419
000240,한국앤컴퍼니,경기관련소비재,자동차와부품,20220419
060980,한라홀딩스,경기관련소비재,자동차와부품,20220419
078590,디아크,경기관련소비재,자동차와부품,20220419
007340,디티알오토모티브,경기관련소비재,자동차와부품,20220419
038880,아이에이,경기관련소비재,자동차와부품,20220419
214330,금호에이치티,경기관련소비재,자동차와부품,20220419
015750,성우하이텍,경기관련소비재,자동차와부품,20220419
002350,넥센타이어,경기관련소비재,자동차와부품,20220419
136510,에디슨EV,경기관련소비재,자동차와부품,20220419
123040,엠에스오토텍,경기관련소비재,자동차와부품,20220419
353590,오토앤,경기관련소비재,자동차와부품,20220419
000430,대원강업,경기관련소비재,자동차와부품,20220419
088290,이원컴포텍,경기관련소비재,자동차와부품,20220419
010690,화신,경기관련소비재,자동차와부품,20220419
126600,코프라,경기관련소비재,자동차와부품,20220419
033530,세종공업,경기관련소비재,자동차와부품,20220419
105550,트루윈,경기관련소비재,자동차와부품,20220419
066590,우수AMS,경기관련소비재,자동차와부품,20220419
118990,모트렉스,경기관련소비재,자동차와부품,20220419
092200,디아이씨,경기관련소비재,자동차와부품,20220419
013720,CBI,경기관련소비재,자동차와부품,20220419
215360,우리산업,경기관련소비재,자동차와부품,20220419
122350,삼기,경기관련소비재,자동차와부품,20220419
023800,인지컨트롤스,경기관련소비재,자동차와부품,20220419
036530,SNT홀딩스,경기관련소비재,자동차와부품,20220419
005720,넥센,경기관련소비재,자동차와부품,20220419
041930,동아화성,경기관련소비재,자동차와부품,20220419
265560,영화테크,경기관련소비재,자동차와부품,20220419
234100,폴라리스세원,경기관련소비재,자동차와부품,20220419
007860,서연,경기관련소비재,자동차와부품,20220419
003570,SNT중공업,경기관련소비재,자동차와부품,20220419
043370,피에이치에이,경기관련소비재,자동차와부품,20220419
011320,유니크,경기관련소비재,자동차와부품,20220419
067570,엔브이에이치코리아,경기관련소비재,자동차와부품,20220419
013310,아진산업,경기관련소비재,자동차와부품,20220419
009680,모토닉,경기관련소비재,자동차와부품,20220419
200880,서연이화,경기관련소비재,자동차와부품,20220419
241690,유니테크노,경기관련소비재,자동차와부품,20220419
012860,모베이스전자,경기관련소비재,자동차와부품,20220419
308170,센트랄모텍,경기관련소비재,자동차와부품,20220419
000300,대유플러스,경기관련소비재,자동차와부품,20220419
105330,케이엔더블유,경기관련소비재,자동차와부품,20220419
002880,대유에이텍,경기관련소비재,자동차와부품,20220419
009320,대우부품,경기관련소비재,자동차와부품,20220419
089470,HDC현대EP,경기관련소비재,자동차와부품,20220419
047400,유니온머티리얼,경기관련소비재,자동차와부품,20220419
045520,크린앤사이언스,경기관련소비재,자동차와부품,20220419
012200,계양전기,경기관련소비재,자동차와부품,20220419
104040,대성파인텍,경기관련소비재,자동차와부품,20220419
024740,한일단조,경기관련소비재,자동차와부품,20220419
053700,삼보모터스,경기관련소비재,자동차와부품,20220419
282690,동아타이어,경기관련소비재,자동차와부품,20220419
024900,덕양산업,경기관련소비재,자동차와부품,20220419
123410,코리아에프티,경기관련소비재,자동차와부품,20220419
006660,삼성공조,경기관련소비재,자동차와부품,20220419
016740,두올,경기관련소비재,자동차와부품,20220419
038110,에코플라스틱,경기관련소비재,자동차와부품,20220419
012280,영화금속,경기관련소비재,자동차와부품,20220419
170030,현대공업,경기관련소비재,자동차와부품,20220419
010100,한국프랜지,경기관련소비재,자동차와부품,20220419
031510,오스템,경기관련소비재,자동차와부품,20220419
023810,인팩,경기관련소비재,자동차와부품,20220419
024910,경창산업,경기관련소비재,자동차와부품,20220419
046070,코다코,경기관련소비재,자동차와부품,20220419
023000,삼원강재,경기관련소비재,자동차와부품,20220419
101330,모베이스,경기관련소비재,자동차와부품,20220419
005710,대원산업,경기관련소비재,자동차와부품,20220419
013870,지엠비코리아,경기관련소비재,자동차와부품,20220419
053270,구영테크,경기관련소비재,자동차와부품,20220419
013520,화승코퍼레이션,경기관련소비재,자동차와부품,20220419
019180,티에이치엔,경기관련소비재,자동차와부품,20220419
126640,화신정공,경기관련소비재,자동차와부품,20220419
007530,영신금속,경기관련소비재,자동차와부품,20220419
054300,팬스타엔터프라이즈,경기관련소비재,자동차와부품,20220419
021820,세원정공,경기관련소비재,자동차와부품,20220419
378850,화승알앤에이,경기관련소비재,자동차와부품,20220419
002920,유성기업,경기관련소비재,자동차와부품,20220419
128540,에코캡,경기관련소비재,자동차와부품,20220419
000040,KR모터스,경기관련소비재,자동차와부품,20220419
090150,아이윈,경기관련소비재,자동차와부품,20220419
075180,새론오토모티브,경기관련소비재,자동차와부품,20220419
065500,오리엔트정공,경기관련소비재,자동차와부품,20220419
021650,한국큐빅,경기관련소비재,자동차와부품,20220419
041650,상신브레이크,경기관련소비재,자동차와부품,20220419
130500,GH신소재,경기관련소비재,자동차와부품,20220419
001620,케이비아이동국실업,경기관련소비재,자동차와부품,20220419
085910,네오티스,경기관련소비재,자동차와부품,20220419
071850,캐스텍코리아,경기관련소비재,자동차와부품,20220419
025440,대성엘텍,경기관련소비재,자동차와부품,20220419
143210,핸즈코퍼레이션,경기관련소비재,자동차와부품,20220419
090080,평화산업,경기관련소비재,자동차와부품,20220419
048430,유라테크,경기관련소비재,자동차와부품,20220419
017370,우신시스템,경기관련소비재,자동차와부품,20220419
123700,SJM,경기관련소비재,자동차와부품,20220419
001380,SG글로벌,경기관련소비재,자동차와부품,20220419
154040,솔루에타,경기관련소비재,자동차와부품,20220419
092780,동양피스톤,경기관련소비재,자동차와부품,20220419
310870,디와이씨,경기관련소비재,자동차와부품,20220419
018500,동원금속,경기관련소비재,자동차와부품,20220419
212560,네오오토,경기관련소비재,자동차와부품,20220419
163560,동일고무벨트,경기관련소비재,자동차와부품,20220419
004840,DRB동일,경기관련소비재,자동차와부품,20220419
019770,서연탑메탈,경기관련소비재,자동차와부품,20220419
004100,태양금속,경기관련소비재,자동차와부품,20220419
093380,풍강,경기관련소비재,자동차와부품,20220419
005030,부산주공,경기관련소비재,자동차와부품,20220419
080470,성창오토텍,경기관련소비재,자동차와부품,20220419
145210,다이나믹디자인,경기관련소비재,자동차와부품,20220419
113810,디젠스,경기관련소비재,자동차와부품,20220419
010770,평화홀딩스,경기관련소비재,자동차와부품,20220419
024120,KB오토시스,경기관련소비재,자동차와부품,20220419
019540,일지테크,경기관련소비재,자동차와부품,20220419
033250,체시스,경기관련소비재,자동차와부품,20220419
122690,서진오토모티브,경기관련소비재,자동차와부품,20220419
001420,태원물산,경기관련소비재,자동차와부품,20220419
130740,티피씨글로벌,경기관련소비재,자동차와부품,20220419
161570,THE MIDONG,경기관련소비재,자동차와부품,20220419
072470,우리산업홀딩스,경기관련소비재,자동차와부품,20220419
290120,대유에이피,경기관련소비재,자동차와부품,20220419
025530,SJM홀딩스,경기관련소비재,자동차와부품,20220419
053060,세동,경기관련소비재,자동차와부품,20220419
020400,대동금속,경기관련소비재,자동차와부품,20220419
010580,에스엠벡셀,경기관련소비재,자동차와부품,20220419
051900,LG생활건강,경기관련소비재,내구소비재와의류,20220419
090430,아모레퍼시픽,경기관련소비재,내구소비재와의류,20220419
021240,코웨이,경기관련소비재,내구소비재와의류,20220419
383220,F&F,경기관련소비재,내구소비재와의류,20220419
081660,휠라홀딩스,경기관련소비재,내구소비재와의류,20220419
002790,아모레G,경기관련소비재,내구소비재와의류,20220419
111770,영원무역,경기관련소비재,내구소비재와의류,20220419
048410,현대바이오,경기관련소비재,내구소비재와의류,20220419
298020,효성티앤씨,경기관련소비재,내구소비재와의류,20220419
161890,한국콜마,경기관련소비재,내구소비재와의류,20220419
192820,코스맥스,경기관련소비재,내구소비재와의류,20220419
020000,한섬,경기관련소비재,내구소비재와의류,20220419
005440,현대그린푸드,경기관련소비재,내구소비재와의류,20220419
007700,F&F홀딩스,경기관련소비재,내구소비재와의류,20220419
105630,한세실업,경기관련소비재,내구소비재와의류,20220419
031430,신세계인터내셔날,경기관련소비재,내구소비재와의류,20220419
001530,DI동일,경기관련소비재,내구소비재와의류,20220419
009450,경동나비엔,경기관련소비재,내구소비재와의류,20220419
093050,LF,경기관련소비재,내구소비재와의류,20220419
298540,더네이쳐홀딩스,경기관련소비재,내구소비재와의류,20220419
241590,화승엔터프라이즈,경기관련소비재,내구소비재와의류,20220419
009970,영원무역홀딩스,경기관련소비재,내구소비재와의류,20220419
110790,크리스에프앤씨,경기관련소비재,내구소비재와의류,20220419
065350,신성델타테크,경기관련소비재,내구소비재와의류,20220419
024720,한국콜마홀딩스,경기관련소비재,내구소비재와의류,20220419
214260,라파스,경기관련소비재,내구소비재와의류,20220419
102280,쌍방울,경기관련소비재,내구소비재와의류,20220419
006060,화승인더,경기관련소비재,내구소비재와의류,20220419
033290,코웰패션,경기관련소비재,내구소비재와의류,20220419
052260,현대바이오랜드,경기관련소비재,내구소비재와의류,20220419
284740,쿠쿠홈시스,경기관련소비재,내구소비재와의류,20220419
005390,신성통상,경기관련소비재,내구소비재와의류,20220419
000050,경방,경기관련소비재,내구소비재와의류,20220419
121440,골프존뉴딘홀딩스,경기관련소비재,내구소비재와의류,20220419
018250,애경산업,경기관련소비재,내구소비재와의류,20220419
270660,에브리봇,경기관련소비재,내구소비재와의류,20220419
018290,브이티지엠피,경기관련소비재,내구소비재와의류,20220419
004250,NPC,경기관련소비재,내구소비재와의류,20220419
002700,신일전자,경기관련소비재,내구소비재와의류,20220419
044340,위닉스,경기관련소비재,내구소비재와의류,20220419
337930,브랜드엑스코퍼레이션,경기관련소비재,내구소비재와의류,20220419
244460,올리패스,경기관련소비재,내구소비재와의류,20220419
003200,일신방직,경기관련소비재,내구소비재와의류,20220419
056080,유진로봇,경기관련소비재,내구소비재와의류,20220419
035150,백산,경기관련소비재,내구소비재와의류,20220419
192400,쿠쿠홀딩스,경기관련소비재,내구소비재와의류,20220419
092730,네오팜,경기관련소비재,내구소비재와의류,20220419
194370,제이에스코퍼레이션,경기관련소비재,내구소비재와의류,20220419
037070,파세코,경기관련소비재,내구소비재와의류,20220419
005320,국동,경기관련소비재,내구소비재와의류,20220419
001070,대한방직,경기관련소비재,내구소비재와의류,20220419
064800,젬백스링크,경기관련소비재,내구소비재와의류,20220419
306040,에스제이그룹,경기관련소비재,내구소비재와의류,20220419
013990,아가방컴퍼니,경기관련소비재,내구소비재와의류,20220419
042600,새로닉스,경기관련소비재,내구소비재와의류,20220419
237880,클리오,경기관련소비재,내구소비재와의류,20220419
079980,휴비스,경기관련소비재,내구소비재와의류,20220419
068290,삼성출판사,경기관련소비재,내구소비재와의류,20220419
226320,잇츠한불,경기관련소비재,내구소비재와의류,20220419
067170,오텍,경기관련소비재,내구소비재와의류,20220419
027050,코리아나,경기관련소비재,내구소비재와의류,20220419
101140,인바이오젠,경기관련소비재,내구소비재와의류,20220419
001460,BYC,경기관련소비재,내구소비재와의류,20220419
241710,코스메카코리아,경기관련소비재,내구소비재와의류,20220419
260930,씨티케이,경기관련소비재,내구소비재와의류,20220419
003610,방림,경기관련소비재,내구소비재와의류,20220419
009270,신원,경기관련소비재,내구소비재와의류,20220419
004700,조광피혁,경기관련소비재,내구소비재와의류,20220419
024950,삼천리자전거,경기관련소비재,내구소비재와의류,20220419
019660,글로본,경기관련소비재,내구소비재와의류,20220419
352700,씨앤투스성진,경기관련소비재,내구소비재와의류,20220419
004830,덕성,경기관련소비재,내구소비재와의류,20220419
159580,제로투세븐,경기관련소비재,내구소비재와의류,20220419
002450,삼익악기,경기관련소비재,내구소비재와의류,20220419
369370,블리츠웨이,경기관련소비재,내구소비재와의류,20220419
011330,유니켐,경기관련소비재,내구소비재와의류,20220419
002170,삼양통상,경기관련소비재,내구소비재와의류,20220419
123690,한국화장품,경기관련소비재,내구소비재와의류,20220419
004060,SG세계물산,경기관련소비재,내구소비재와의류,20220419
014470,부방,경기관련소비재,내구소비재와의류,20220419
317870,엔바이오니아,경기관련소비재,내구소비재와의류,20220419
038530,골드퍼시픽,경기관련소비재,내구소비재와의류,20220419
159910,스킨앤스킨,경기관련소비재,내구소비재와의류,20220419
114840,아이패밀리에스씨,경기관련소비재,내구소비재와의류,20220419
008600,윌비스,경기관련소비재,내구소비재와의류,20220419
007980,태평양물산,경기관련소비재,내구소비재와의류,20220419
071460,위니아,경기관련소비재,내구소비재와의류,20220419
002070,비비안,경기관련소비재,내구소비재와의류,20220419
016090,대현,경기관련소비재,내구소비재와의류,20220419
025620,제이준코스메틱,경기관련소비재,내구소비재와의류,20220419
024890,대원화성,경기관련소비재,내구소비재와의류,20220419
078520,에이블씨엔씨,경기관련소비재,내구소비재와의류,20220419
352480,씨앤씨인터내셔널,경기관련소비재,내구소비재와의류,20220419
365900,브이씨,경기관련소비재,내구소비재와의류,20220419
005360,모나미,경기관련소비재,내구소비재와의류,20220419
066910,손오공,경기관련소비재,내구소비재와의류,20220419
066130,하츠,경기관련소비재,내구소비재와의류,20220419
018700,바른손,경기관련소비재,내구소비재와의류,20220419
265740,엔에프씨,경기관련소비재,내구소비재와의류,20220419
005800,신영와코루,경기관련소비재,내구소비재와의류,20220419
215480,토박스코리아,경기관련소비재,내구소비재와의류,20220419
039830,오로라,경기관련소비재,내구소비재와의류,20220419
016450,한세예스24홀딩스,경기관련소비재,내구소비재와의류,20220419
083550,케이엠,경기관련소비재,내구소비재와의류,20220419
065060,지엔코,경기관련소비재,내구소비재와의류,20220419
252500,세화피앤씨,경기관련소비재,내구소비재와의류,20220419
088390,이녹스,경기관련소비재,내구소비재와의류,20220419
090370,메타랩스,경기관련소비재,내구소비재와의류,20220419
014100,메디앙스,경기관련소비재,내구소비재와의류,20220419
003350,한국화장품제조,경기관련소비재,내구소비재와의류,20220419
214420,토니모리,경기관련소비재,내구소비재와의류,20220419
111110,호전실업,경기관련소비재,내구소비재와의류,20220419
082660,코스나인,경기관련소비재,내구소비재와의류,20220419
114630,폴라리스우노,경기관련소비재,내구소비재와의류,20220419
267790,배럴,경기관련소비재,내구소비재와의류,20220419
093240,형지엘리트,경기관련소비재,내구소비재와의류,20220419
000950,전방,경기관련소비재,내구소비재와의류,20220419
026040,제이에스티나,경기관련소비재,내구소비재와의류,20220419
366030,공구우먼,경기관련소비재,내구소비재와의류,20220419
256150,한독크린텍,경기관련소비재,내구소비재와의류,20220419
032080,아즈텍WB,경기관련소비재,내구소비재와의류,20220419
323230,엠에프엠코리아,경기관련소비재,내구소비재와의류,20220419
047770,코데즈컴바인,경기관련소비재,내구소비재와의류,20220419
086710,선진뷰티사이언스,경기관련소비재,내구소비재와의류,20220419
204020,그리티,경기관련소비재,내구소비재와의류,20220419
226340,본느,경기관련소비재,내구소비재와의류,20220419
024940,PN풍년,경기관련소비재,내구소비재와의류,20220419
000680,LS네트웍스,경기관련소비재,내구소비재와의류,20220419
217480,에스디생명공학,경기관련소비재,내구소비재와의류,20220419
123330,제닉,경기관련소비재,내구소비재와의류,20220419
123750,알톤스포츠,경기관련소비재,내구소비재와의류,20220419
263020,디케이앤디,경기관련소비재,내구소비재와의류,20220419
014990,인디에프,경기관련소비재,내구소비재와의류,20220419
225590,패션플랫폼,경기관련소비재,내구소비재와의류,20220419
011300,성안,경기관련소비재,내구소비재와의류,20220419
080530,코디,경기관련소비재,내구소비재와의류,20220419
088790,진도,경기관련소비재,내구소비재와의류,20220419
084870,TBH글로벌,경기관련소비재,내구소비재와의류,20220419
011080,형지I&C,경기관련소비재,내구소비재와의류,20220419
064090,에프앤리퍼블릭,경기관련소비재,내구소비재와의류,20220419
376180,피코그램,경기관련소비재,내구소비재와의류,20220419
069640,한세엠케이,경기관련소비재,내구소비재와의류,20220419
308100,까스텔바작,경기관련소비재,내구소비재와의류,20220419
227610,아우딘퓨쳐스,경기관련소비재,내구소비재와의류,20220419
234920,자이글,경기관련소비재,내구소비재와의류,20220419
098660,에스티오,경기관련소비재,내구소비재와의류,20220419
035250,강원랜드,경기관련소비재,"호텔,레스토랑,레저등",20220419
008770,호텔신라,경기관련소비재,"호텔,레스토랑,레저등",20220419
039130,하나투어,경기관련소비재,"호텔,레스토랑,레저등",20220419
034230,파라다이스,경기관련소비재,"호텔,레스토랑,레저등",20220419
032350,롯데관광개발,경기관련소비재,"호텔,레스토랑,레저등",20220419
025980,아난티,경기관련소비재,"호텔,레스토랑,레저등",20220419
114090,GKL,경기관련소비재,"호텔,레스토랑,레저등",20220419
080160,모두투어,경기관련소비재,"호텔,레스토랑,레저등",20220419
006730,서부T&D,경기관련소비재,"호텔,레스토랑,레저등",20220419
220630,맘스터치,경기관련소비재,"호텔,레스토랑,레저등",20220419
031440,신세계푸드,경기관련소비재,"호텔,레스토랑,레저등",20220419
070960,용평리조트,경기관련소비재,"호텔,레스토랑,레저등",20220419
084680,이월드,경기관련소비재,"호텔,레스토랑,레저등",20220419
094850,참좋은여행,경기관련소비재,"호텔,레스토랑,레저등",20220419
020710,시공테크,경기관련소비재,"호텔,레스토랑,레저등",20220419
065150,엠피대산,경기관련소비재,"호텔,레스토랑,레저등",20220419
080010,이상네트웍스,경기관련소비재,"호텔,레스토랑,레저등",20220419
217620,디딤,경기관련소비재,"호텔,레스토랑,레저등",20220419
111710,남화산업,경기관련소비재,"호텔,레스토랑,레저등",20220419
139480,이마트,경기관련소비재,소매(유통),20220419
004170,신세계,경기관련소비재,소매(유통),20220419
282330,BGF리테일,경기관련소비재,소매(유통),20220419
069960,현대백화점,경기관련소비재,소매(유통),20220419
023530,롯데쇼핑,경기관련소비재,소매(유통),20220419
007070,GS리테일,경기관련소비재,소매(유통),20220419
057050,현대홈쇼핑,경기관련소비재,소매(유통),20220419
381970,케이카,경기관련소비재,소매(유통),20220419
063170,서울옥션,경기관련소비재,소매(유통),20220419
035080,그래디언트,경기관련소비재,소매(유통),20220419
067990,도이치모터스,경기관련소비재,소매(유통),20220419
290510,코리아센터,경기관련소비재,소매(유통),20220419
071840,롯데하이마트,경기관련소비재,소매(유통),20220419
060280,큐렉소,경기관련소비재,소매(유통),20220419
027410,BGF,경기관련소비재,소매(유통),20220419
009810,플레이그램,경기관련소비재,소매(유통),20220419
119860,다나와,경기관련소비재,소매(유통),20220419
037710,광주신세계,경기관련소비재,소매(유통),20220419
036030,케이티알파,경기관련소비재,소매(유통),20220419
053280,예스24,경기관련소비재,소매(유통),20220419
257720,실리콘투,경기관련소비재,소매(유통),20220419
102370,케이옥션,경기관련소비재,소매(유통),20220419
007720,대명소노시즌,경기관련소비재,소매(유통),20220419
069920,아이에스이커머스,경기관련소비재,소매(유통),20220419
038620,위즈코프,경기관련소비재,소매(유통),20220419
067830,세이브존I&C,경기관련소비재,소매(유통),20220419
006370,대구백화점,경기관련소비재,소매(유통),20220419
019010,베뉴지,경기관련소비재,소매(유통),20220419
013000,세우글로벌,경기관련소비재,소매(유통),20220419
051390,YW,경기관련소비재,소매(유통),20220419
002420,세기상사,경기관련소비재,소매(유통),20220419
030790,비케이탑스,경기관련소비재,소매(유통),20220419
215200,메가스터디교육,경기관련소비재,교육서비스,20220419
096240,크레버스,경기관련소비재,교육서비스,20220419
108490,로보티즈,경기관련소비재,교육서비스,20220419
215100,로보로보,경기관련소비재,교육서비스,20220419
095720,웅진씽크빅,경기관련소비재,교육서비스,20220419
068930,디지털대성,경기관련소비재,교육서비스,20220419
072870,메가스터디,경기관련소비재,교육서비스,20220419
067280,멀티캠퍼스,경기관련소비재,교육서비스,20220419
040420,정상제이엘에스,경기관련소비재,교육서비스,20220419
019680,대교,경기관련소비재,교육서비스,20220419
053290,NE능률,경기관련소비재,교육서비스,20220419
057030,YBM넷,경기관련소비재,교육서비스,20220419
289010,아이스크림에듀,경기관련소비재,교육서비스,20220419
100220,비상교육,경기관련소비재,교육서비스,20220419
339950,아이비김영,경기관련소비재,교육서비스,20220419
133750,메가엠디,경기관련소비재,교육서비스,20220419
134060,이퓨쳐,경기관련소비재,교육서비스,20220419
051500,CJ프레시웨이,필수소비재,식품과기본식료품소매,20220419
051160,지어소프트,필수소비재,식품과기본식료품소매,20220419
311390,네오크레마,필수소비재,식품과기본식료품소매,20220419
227840,현대코퍼레이션홀딩스,필수소비재,식품과기본식료품소매,20220419
006880,신송홀딩스,필수소비재,식품과기본식료품소매,20220419
004590,한국가구,필수소비재,식품과기본식료품소매,20220419
250000,보라티알,필수소비재,식품과기본식료품소매,20220419
033780,KT&G,필수소비재,"식품,음료,담배",20220419
097950,CJ제일제당,필수소비재,"식품,음료,담배",20220419
271560,오리온,필수소비재,"식품,음료,담배",20220419
000080,하이트진로,필수소비재,"식품,음료,담배",20220419
004370,농심,필수소비재,"식품,음료,담배",20220419
004990,롯데지주,필수소비재,"식품,음료,담배",20220419
026960,동서,필수소비재,"식품,음료,담배",20220419
005300,롯데칠성,필수소비재,"식품,음료,담배",20220419
007310,오뚜기,필수소비재,"식품,음료,담배",20220419
001680,대상,필수소비재,"식품,음료,담배",20220419
140410,메지온,필수소비재,"식품,음료,담배",20220419
003230,삼양식품,필수소비재,"식품,음료,담배",20220419
003580,HLB글로벌,필수소비재,"식품,음료,담배",20220419
003380,하림지주,필수소비재,"식품,음료,담배",20220419
000070,삼양홀딩스,필수소비재,"식품,음료,담배",20220419
001800,오리온홀딩스,필수소비재,"식품,음료,담배",20220419
016790,현대사료,필수소비재,"식품,음료,담배",20220419
005180,빙그레,필수소비재,"식품,음료,담배",20220419
006040,동원산업,필수소비재,"식품,음료,담배",20220419
035810,이지홀딩스,필수소비재,"식품,음료,담배",20220419
017810,풀무원,필수소비재,"식품,음료,담배",20220419
267980,매일유업,필수소비재,"식품,음료,담배",20220419
049770,동원F&B,필수소비재,"식품,음료,담배",20220419
001790,대한제당,필수소비재,"식품,음료,담배",20220419
001130,대한제분,필수소비재,"식품,음료,담배",20220419
145990,삼양사,필수소비재,"식품,음료,담배",20220419
280360,롯데제과,필수소비재,"식품,음료,담배",20220419
136490,선진,필수소비재,"식품,음료,담배",20220419
005860,한일사료,필수소비재,"식품,음료,담배",20220419
136480,하림,필수소비재,"식품,음료,담배",20220419
005610,SPC삼립,필수소비재,"식품,음료,담배",20220419
353810,이지바이오,필수소비재,"식품,음료,담배",20220419
002270,롯데푸드,필수소비재,"식품,음료,담배",20220419
010600,웰바이오텍,필수소비재,"식품,음료,담배",20220419
084690,대상홀딩스,필수소비재,"식품,음료,담배",20220419
276730,제주맥주,필수소비재,"식품,음료,담배",20220419
003920,남양유업,필수소비재,"식품,음료,담배",20220419
007160,사조산업,필수소비재,"식품,음료,담배",20220419
072710,농심홀딩스,필수소비재,"식품,음료,담배",20220419
033920,무학,필수소비재,"식품,음료,담배",20220419
008040,사조동아원,필수소비재,"식품,음료,담배",20220419
027710,팜스토리,필수소비재,"식품,음료,담배",20220419
036580,팜스코,필수소비재,"식품,음료,담배",20220419
004410,서울식품,필수소비재,"식품,음료,담배",20220419
003960,사조대림,필수소비재,"식품,음료,담배",20220419
000890,보해양조,필수소비재,"식품,음료,담배",20220419
043650,국순당,필수소비재,"식품,음료,담배",20220419
027740,마니커,필수소비재,"식품,음료,담배",20220419
073560,우리손에프앤지,필수소비재,"식품,음료,담배",20220419
248170,샘표식품,필수소비재,"식품,음료,담배",20220419
002760,보락,필수소비재,"식품,음료,담배",20220419
011150,CJ씨푸드,필수소비재,"식품,음료,담배",20220419
357230,에이치피오,필수소비재,"식품,음료,담배",20220419
000140,하이트진로홀딩스,필수소비재,"식품,음료,담배",20220419
218150,미래생명자원,필수소비재,"식품,음료,담배",20220419
004650,창해에탄올,필수소비재,"식품,음료,담배",20220419
339770,교촌에프앤비,필수소비재,"식품,음료,담배",20220419
189980,흥국에프엔비,필수소비재,"식품,음료,담배",20220419
003310,대주산업,필수소비재,"식품,음료,담배",20220419
023900,풍국주정,필수소비재,"식품,음료,담배",20220419
195500,마니커에프앤지,필수소비재,"식품,음료,담배",20220419
101530,해태제과식품,필수소비재,"식품,음료,담배",20220419
018120,진로발효,필수소비재,"식품,음료,담배",20220419
004970,신라교역,필수소비재,"식품,음료,담배",20220419
005740,크라운해태홀딩스,필수소비재,"식품,음료,담배",20220419
277410,인산가,필수소비재,"식품,음료,담배",20220419
208140,정다운,필수소비재,"식품,음료,담배",20220419
002140,고려산업,필수소비재,"식품,음료,담배",20220419
260970,에스앤디,필수소비재,"식품,음료,담배",20220419
222980,한국맥널티,필수소비재,"식품,음료,담배",20220419
006980,우성,필수소비재,"식품,음료,담배",20220419
014710,사조씨푸드,필수소비재,"식품,음료,담배",20220419
290720,푸드나무,필수소비재,"식품,음료,담배",20220419
007540,샘표,필수소비재,"식품,음료,담배",20220419
030720,동원수산,필수소비재,"식품,음료,담배",20220419
264900,크라운제과,필수소비재,"식품,음료,담배",20220419
103840,우양,필수소비재,"식품,음료,담배",20220419
088910,동우팜투테이블,필수소비재,"식품,음료,담배",20220419
006090,사조오양,필수소비재,"식품,음료,담배",20220419
025880,케이씨피드,필수소비재,"식품,음료,담배",20220419
005990,매일홀딩스,필수소비재,"식품,음료,담배",20220419
005670,푸드웰,필수소비재,"식품,음료,담배",20220419
002600,조흥,필수소비재,"식품,음료,담배",20220419
023150,MH에탄올,필수소비재,"식품,음료,담배",20220419
009780,엠에스씨,필수소비재,"식품,음료,담배",20220419
003680,한성기업,필수소비재,"식품,음료,담배",20220419
002680,한탑,필수소비재,"식품,음료,담배",20220419
025870,신라에스지,필수소비재,"식품,음료,담배",20220419
195990,에이비프로바이오,필수소비재,가정용품과개인용품,20220419
317240,TS트릴리온,필수소비재,가정용품과개인용품,20220419
203690,프로스테믹스,필수소비재,가정용품과개인용품,20220419
044480,블루베리 NFT,필수소비재,가정용품과개인용품,20220419
012690,모나리자,필수소비재,가정용품과개인용품,20220419
318410,비비씨,필수소비재,가정용품과개인용품,20220419
225430,케이엠제약,필수소비재,가정용품과개인용품,20220419
053620,태양,필수소비재,가정용품과개인용품,20220419
009770,삼정펄프,필수소비재,가정용품과개인용품,20220419
137310,에스디바이오센서,건강관리,건강관리장비와서비스,20220419
290650,엘앤씨바이오,건강관리,건강관리장비와서비스,20220419
085370,루트로닉,건강관리,건강관리장비와서비스,20220419
294090,이오플로우,건강관리,건강관리장비와서비스,20220419
256840,한국비엔씨,건강관리,건강관리장비와서비스,20220419
144510,지씨셀,건강관리,건강관리장비와서비스,20220419
145720,덴티움,건강관리,건강관리장비와서비스,20220419
287410,제이시스메디칼,건강관리,건강관리장비와서비스,20220419
039840,디오,건강관리,건강관리장비와서비스,20220419
099190,아이센스,건강관리,건강관리장비와서비스,20220419
041830,인바디,건강관리,건강관리장비와서비스,20220419
043150,바텍,건강관리,건강관리장비와서비스,20220419
100120,뷰웍스,건강관리,건강관리장비와서비스,20220419
119610,인터로조,건강관리,건강관리장비와서비스,20220419
216080,제테마,건강관리,건강관리장비와서비스,20220419
228670,레이,건강관리,건강관리장비와서비스,20220419
138610,나이벡,건강관리,건강관리장비와서비스,20220419
048870,시너지이노베이션,건강관리,건강관리장비와서비스,20220419
228760,지노믹트리,건강관리,건강관리장비와서비스,20220419
032620,유비케어,건강관리,건강관리장비와서비스,20220419
108860,셀바스AI,건강관리,건강관리장비와서비스,20220419
214150,클래시스,건강관리,건강관리장비와서비스,20220419
253840,수젠텍,건강관리,건강관리장비와서비스,20220419
340570,티앤엘,건강관리,건강관리장비와서비스,20220419
099750,이지케어텍,건강관리,건강관리장비와서비스,20220419
335890,비올,건강관리,건강관리장비와서비스,20220419
311690,CJ 바이오사이언스,건강관리,건강관리장비와서비스,20220419
263700,케어랩스,건강관리,건강관리장비와서비스,20220419
226330,신테카바이오,건강관리,건강관리장비와서비스,20220419
372910,한컴라이프케어,건강관리,건강관리장비와서비스,20220419
156100,엘앤케이바이오,건강관리,건강관리장비와서비스,20220419
104540,코렌텍,건강관리,건강관리장비와서비스,20220419
032850,비트컴퓨터,건강관리,건강관리장비와서비스,20220419
054950,제이브이엠,건강관리,건강관리장비와서비스,20220419
122310,제노레이,건강관리,건강관리장비와서비스,20220419
225220,제놀루션,건강관리,건강관리장비와서비스,20220419
179290,엠아이텍,건강관리,건강관리장비와서비스,20220419
304840,피플바이오,건강관리,건강관리장비와서비스,20220419
056090,유앤아이,건강관리,건강관리장비와서비스,20220419
071200,인피니트헬스케어,건강관리,건강관리장비와서비스,20220419
214610,미코바이오메드,건강관리,건강관리장비와서비스,20220419
302550,리메드,건강관리,건강관리장비와서비스,20220419
261200,덴티스,건강관리,건강관리장비와서비스,20220419
042520,한스바이오메드,건강관리,건강관리장비와서비스,20220419
065510,휴비츠,건강관리,건강관리장비와서비스,20220419
214680,디알텍,건강관리,건강관리장비와서비스,20220419
314930,바이오다인,건강관리,건강관리장비와서비스,20220419
149980,하이로닉,건강관리,건강관리장비와서비스,20220419
049180,셀루메드,건강관리,건강관리장비와서비스,20220419
058110,멕아이씨에스,건강관리,건강관리장비와서비스,20220419
229000,젠큐릭스,건강관리,건강관리장비와서비스,20220419
035610,솔본,건강관리,건강관리장비와서비스,20220419
100700,세운메디칼,건강관리,건강관리장비와서비스,20220419
258830,세종메디칼,건강관리,건강관리장비와서비스,20220419
338220,뷰노,건강관리,건강관리장비와서비스,20220419
142280,녹십자엠에스,건강관리,건강관리장비와서비스,20220419
322510,제이엘케이,건강관리,건강관리장비와서비스,20220419
305090,마이크로디지탈,건강관리,건강관리장비와서비스,20220419
164060,이루다,건강관리,건강관리장비와서비스,20220419
363250,진시스템,건강관리,건강관리장비와서비스,20220419
228850,레이언스,건강관리,건강관리장비와서비스,20220419
263690,디알젬,건강관리,건강관리장비와서비스,20220419
041920,메디아나,건강관리,건강관리장비와서비스,20220419
059210,메타바이오메드,건강관리,건강관리장비와서비스,20220419
115480,씨유메디칼,건강관리,건강관리장비와서비스,20220419
347700,라이프시맨틱스,건강관리,건강관리장비와서비스,20220419
307280,원바이오젠,건강관리,건강관리장비와서비스,20220419
032940,원익,건강관리,건강관리장비와서비스,20220419
043100,솔고바이오,건강관리,건강관리장비와서비스,20220419
376930,노을,건강관리,건강관리장비와서비스,20220419
246960,이노테라피,건강관리,건강관리장비와서비스,20220419
290660,네오펙트,건강관리,건강관리장비와서비스,20220419
006140,피제이전자,건강관리,건강관리장비와서비스,20220419
226400,오스테오닉,건강관리,건강관리장비와서비스,20220419
043710,서울리거,건강관리,건강관리장비와서비스,20220419
246720,아스타,건강관리,건강관리장비와서비스,20220419
004080,신흥,건강관리,건강관리장비와서비스,20220419
208370,셀바스헬스케어,건강관리,건강관리장비와서비스,20220419
068270,셀트리온,건강관리,제약과생물공학,20220419
207940,삼성바이오로직스,건강관리,제약과생물공학,20220419
091990,셀트리온헬스케어,건강관리,제약과생물공학,20220419
000100,유한양행,건강관리,제약과생물공학,20220419
302440,SK바이오사이언스,건강관리,제약과생물공학,20220419
128940,한미약품,건강관리,제약과생물공학,20220419
196170,알테오젠,건강관리,제약과생물공학,20220419
326030,SK바이오팜,건강관리,제약과생물공학,20220419
068760,셀트리온제약,건강관리,제약과생물공학,20220419
096530,씨젠,건강관리,제약과생물공학,20220419
008930,한미사이언스,건강관리,제약과생물공학,20220419
006280,녹십자,건강관리,제약과생물공학,20220419
019170,신풍제약,건강관리,제약과생물공학,20220419
141080,레고켐바이오,건강관리,제약과생물공학,20220419
011000,진원생명과학,건강관리,제약과생물공학,20220419
237690,에스티팜,건강관리,제약과생물공학,20220419
067630,HLB생명과학,건강관리,제약과생물공학,20220419
145020,휴젤,건강관리,제약과생물공학,20220419
095700,제넥신,건강관리,제약과생물공학,20220419
298380,에이비엘바이오,건강관리,제약과생물공학,20220419
007390,네이처셀,건강관리,제약과생물공학,20220419
069620,대웅제약,건강관리,제약과생물공학,20220419
085660,차바이오텍,건강관리,제약과생물공학,20220419
185750,종근당,건강관리,제약과생물공학,20220419
084990,헬릭스미스,건강관리,제약과생물공학,20220419
064550,바이오니아,건강관리,제약과생물공학,20220419
039200,오스코텍,건강관리,제약과생물공학,20220419
249420,일동제약,건강관리,제약과생물공학,20220419
009420,한올바이오파마,건강관리,제약과생물공학,20220419
206650,유바이오로직스,건강관리,제약과생물공학,20220419
182400,엔케이맥스,건강관리,제약과생물공학,20220419
003000,부광약품,건강관리,제약과생물공학,20220419
003090,대웅,건강관리,제약과생물공학,20220419
086900,메디톡스,건강관리,제약과생물공학,20220419
048530,인트론바이오,건강관리,제약과생물공학,20220419
092040,아미코젠,건강관리,제약과생물공학,20220419
214450,파마리서치,건강관리,제약과생물공학,20220419
000250,삼천당제약,건강관리,제약과생물공학,20220419
086450,동국제약,건강관리,제약과생물공학,20220419
005250,녹십자홀딩스,건강관리,제약과생물공학,20220419
053030,바이넥스,건강관리,제약과생물공학,20220419
323990,박셀바이오,건강관리,제약과생물공학,20220419
200130,콜마비앤에이치,건강관리,제약과생물공학,20220419
003520,영진약품,건강관리,제약과생물공학,20220419
205470,휴마시스,건강관리,제약과생물공학,20220419
235980,메드팩토,건강관리,제약과생물공학,20220419
199800,툴젠,건강관리,제약과생물공학,20220419
195940,HK이노엔,건강관리,제약과생물공학,20220419
307750,국전약품,건강관리,제약과생물공학,20220419
003850,보령,건강관리,제약과생물공학,20220419
000640,동아쏘시오홀딩스,건강관리,제약과생물공학,20220419
268600,셀리버리,건강관리,제약과생물공학,20220419
078160,메디포스트,건강관리,제약과생물공학,20220419
041960,코미팜,건강관리,제약과생물공학,20220419
214370,케어젠,건강관리,제약과생물공학,20220419
001060,JW중외제약,건강관리,제약과생물공학,20220419
007570,일양약품,건강관리,제약과생물공학,20220419
058820,CMG제약,건강관리,제약과생물공학,20220419
170900,동아에스티,건강관리,제약과생물공학,20220419
246710,티앤알바이오팹,건강관리,제약과생물공학,20220419
083790,크리스탈지노믹스,건강관리,제약과생물공학,20220419
314130,지놈앤컴퍼니,건강관리,제약과생물공학,20220419
243070,휴온스,건강관리,제약과생물공학,20220419
099430,바이오플러스,건강관리,제약과생물공학,20220419
293780,압타바이오,건강관리,제약과생물공학,20220419
084650,랩지노믹스,건강관리,제약과생물공학,20220419
217330,싸이토젠,건강관리,제약과생물공학,20220419
033270,유나이티드제약,건강관리,제약과생물공학,20220419
115450,HLB테라퓨틱스,건강관리,제약과생물공학,20220419
038290,마크로젠,건강관리,제약과생물공학,20220419
183490,엔지켐생명과학,건강관리,제약과생물공학,20220419
206640,바디텍메드,건강관리,제약과생물공학,20220419
005500,삼진제약,건강관리,제약과생물공학,20220419
003220,대원제약,건강관리,제약과생물공학,20220419
001360,삼성제약,건강관리,제약과생물공학,20220419
009290,광동제약,건강관리,제약과생물공학,20220419
000020,동화약품,건강관리,제약과생물공학,20220419
226950,올릭스,건강관리,제약과생물공학,20220419
142760,바이오리더스,건강관리,제약과생물공학,20220419
065660,안트로젠,건강관리,제약과생물공학,20220419
241820,피씨엘,건강관리,제약과생물공학,20220419
016580,환인제약,건강관리,제약과생물공학,20220419
284620,카이노스메드,건강관리,제약과생물공학,20220419
175250,아이큐어,건강관리,제약과생물공학,20220419
060590,씨티씨바이오,건강관리,제약과생물공학,20220419
008490,서흥,건강관리,제약과생물공학,20220419
245620,EDGC,건강관리,제약과생물공학,20220419
334970,프레스티지바이오로직스,건강관리,제약과생물공학,20220419
001630,종근당홀딩스,건강관리,제약과생물공학,20220419
365270,큐라클,건강관리,제약과생물공학,20220419
174900,앱클론,건강관리,제약과생물공학,20220419
047920,HLB제약,건강관리,제약과생물공학,20220419
220100,퓨쳐켐,건강관리,제약과생물공학,20220419
003060,에이프로젠제약,건강관리,제약과생물공학,20220419
000230,일동홀딩스,건강관리,제약과생물공학,20220419
299660,셀리드,건강관리,제약과생물공학,20220419
102460,이연제약,건강관리,제약과생물공학,20220419
087010,펩트론,건강관리,제약과생물공학,20220419
308080,바이젠셀,건강관리,제약과생물공학,20220419
002390,한독,건강관리,제약과생물공학,20220419
084110,휴온스글로벌,건강관리,제약과생물공학,20220419
086890,이수앱지스,건강관리,제약과생물공학,20220419
002210,동성제약,건강관리,제약과생물공학,20220419
082800,비보존 헬스케어,건강관리,제약과생물공학,20220419
348150,고바이오랩,건강관리,제약과생물공학,20220419
194700,노바렉스,건강관리,제약과생물공학,20220419
166480,코아스템,건강관리,제약과생물공학,20220419
011040,경동제약,건강관리,제약과생물공학,20220419
271980,제일약품,건강관리,제약과생물공학,20220419
067290,JW신약,건강관리,제약과생물공학,20220419
263050,유틸렉스,건강관리,제약과생물공학,20220419
096760,JW홀딩스,건강관리,제약과생물공학,20220419
074430,아미노로직스,건강관리,제약과생물공학,20220419
066700,테라젠이텍스,건강관리,제약과생물공학,20220419
168330,내츄럴엔도텍,건강관리,제약과생물공학,20220419
288330,브릿지바이오테라퓨틱스,건강관리,제약과생물공학,20220419
293480,하나제약,건강관리,제약과생물공학,20220419
234080,JW생명과학,건강관리,제약과생물공학,20220419
278650,노터스,건강관리,제약과생물공학,20220419
039860,나노엔텍,건강관리,제약과생물공학,20220419
063160,종근당바이오,건강관리,제약과생물공학,20220419
004720,팜젠사이언스,건강관리,제약과생물공학,20220419
203400,에이비온,건강관리,제약과생물공학,20220419
006620,동구바이오제약,건강관리,제약과생물공학,20220419
061250,화일약품,건강관리,제약과생물공학,20220419
217730,강스템바이오텍,건강관리,제약과생물공학,20220419
261780,차백신연구소,건강관리,제약과생물공학,20220419
200670,휴메딕스,건강관리,제약과생물공학,20220419
023910,대한약품,건강관리,제약과생물공학,20220419
046210,파나진,건강관리,제약과생물공학,20220419
032300,한국파마,건강관리,제약과생물공학,20220419
109820,진매트릭스,건강관리,제약과생물공학,20220419
067080,대화제약,건강관리,제약과생물공학,20220419
054670,대한뉴팜,건강관리,제약과생물공학,20220419
118000,초록뱀헬스케어,건강관리,제약과생물공학,20220419
208340,파멥신,건강관리,제약과생물공학,20220419
352770,클리노믹스,건강관리,제약과생물공학,20220419
086820,바이오솔루션,건강관리,제약과생물공학,20220419
004310,현대약품,건강관리,제약과생물공학,20220419
086040,바이오톡스텍,건강관리,제약과생물공학,20220419
017180,명문제약,건강관리,제약과생물공학,20220419
068330,일신바이오,건강관리,제약과생물공학,20220419
298060,에스씨엠생명과학,건강관리,제약과생물공학,20220419
354200,엔젠바이오,건강관리,제약과생물공학,20220419
321550,티움바이오,건강관리,제약과생물공학,20220419
054050,농우바이오,건강관리,제약과생물공학,20220419
072020,중앙백신,건강관리,제약과생물공학,20220419
049960,쎌바이오텍,건강관리,제약과생물공학,20220419
187420,제노포커스,건강관리,제약과생물공학,20220419
359090,씨엔알리서치,건강관리,제약과생물공학,20220419
065170,넥스트BT,건강관리,제약과생물공학,20220419
038070,서린바이오,건강관리,제약과생물공학,20220419
317690,퀀타매트릭스,건강관리,제약과생물공학,20220419
234690,녹십자웰빙,건강관리,제약과생물공학,20220419
034940,조아제약,건강관리,제약과생물공학,20220419
270870,뉴트리,건강관리,제약과생물공학,20220419
041910,에스텍파마,건강관리,제약과생물공학,20220419
222040,코스맥스엔비티,건강관리,제약과생물공학,20220419
191420,테고사이언스,건강관리,제약과생물공학,20220419
153710,옵티팜,건강관리,제약과생물공학,20220419
000220,유유제약,건강관리,제약과생물공학,20220419
214390,경보제약,건강관리,제약과생물공학,20220419
299170,더블유에스아이,건강관리,제약과생물공학,20220419
217600,켐온,건강관리,제약과생물공학,20220419
239610,에이치엘사이언스,건강관리,제약과생물공학,20220419
002720,국제약품,건강관리,제약과생물공학,20220419
131030,디에이치피코리아,건강관리,제약과생물공학,20220419
291650,압타머사이언스,건강관리,제약과생물공학,20220419
377220,프롬바이오,건강관리,제약과생물공학,20220419
002630,오리엔트바이오,건강관리,제약과생물공학,20220419
335810,프리시젼바이오,건강관리,제약과생물공학,20220419
251120,바이오에프디엔씨,건강관리,제약과생물공학,20220419
012790,신일제약,건강관리,제약과생물공학,20220419
260660,알리코제약,건강관리,제약과생물공학,20220419
200780,비씨월드제약,건강관리,제약과생물공학,20220419
000520,삼일제약,건강관리,제약과생물공학,20220419
043090,한창바이오텍,건강관리,제약과생물공학,20220419
330350,위더스제약,건강관리,제약과생물공학,20220419
389030,지니너스,건강관리,제약과생물공학,20220419
222110,팬젠,건강관리,제약과생물공학,20220419
036180,지더블유바이텍,건강관리,제약과생물공학,20220419
003120,일성신약,건강관리,제약과생물공학,20220419
001540,안국약품,건강관리,제약과생물공학,20220419
331920,셀레믹스,건강관리,제약과생물공학,20220419
053950,경남제약,건강관리,제약과생물공학,20220419
347740,피엔케이피부임상연구센타,건강관리,제약과생물공학,20220419
078140,대봉엘에스,건강관리,제약과생물공학,20220419
007370,진양제약,건강관리,제약과생물공학,20220419
044820,코스맥스비티아이,건강관리,제약과생물공학,20220419
154030,아시아종묘,건강관리,제약과생물공학,20220419
204840,지엘팜텍,건강관리,제약과생물공학,20220419
014570,고려제약,건강관리,제약과생물공학,20220419
080720,한국유니온제약,건강관리,제약과생물공학,20220419
044960,이글벳,건강관리,제약과생물공학,20220419
018620,우진비앤지,건강관리,제약과생물공학,20220419
002620,제일파마홀딩스,건강관리,제약과생물공학,20220419
032980,바이온,건강관리,제약과생물공학,20220419
196300,애니젠,건강관리,제약과생물공학,20220419
127120,디엔에이링크,건강관리,제약과생물공학,20220419
106190,하이텍팜,건강관리,제약과생물공학,20220419
131220,대한과학,건강관리,제약과생물공학,20220419
109960,에이프로젠 H&G,건강관리,제약과생물공학,20220419
114450,KPX생명과학,건강관리,제약과생물공학,20220419
250060,모비스,건강관리,제약과생물공학,20220419
238120,얼라인드,건강관리,제약과생물공학,20220419
002800,신신제약,건강관리,제약과생물공학,20220419
052670,제일바이오,건강관리,제약과생물공학,20220419
238200,비피도,건강관리,제약과생물공학,20220419
215380,우정바이오,건강관리,제약과생물공학,20220419
009300,삼아제약,건강관리,제약과생물공학,20220419
179530,애드바이오텍,건강관리,제약과생물공학,20220419
036480,대성미생물,건강관리,제약과생물공학,20220419
353190,휴럼,건강관리,제약과생물공학,20220419
187660,에이디엠코리아,건강관리,제약과생물공학,20220419
086060,진바이오텍,건강관리,제약과생물공학,20220419
318010,팜스빌,건강관리,제약과생물공학,20220419
018680,서울제약,건강관리,제약과생물공학,20220419
223250,드림씨아이에스,건강관리,제약과생물공학,20220419
105560,KB금융,금융,은행,20220419
055550,신한지주,금융,은행,20220419
086790,하나금융지주,금융,은행,20220419
316140,우리금융지주,금융,은행,20220419
323410,카카오뱅크,금융,은행,20220419
024110,기업은행,금융,은행,20220419
138930,BNK금융지주,금융,은행,20220419
175330,JB금융지주,금융,은행,20220419
139130,DGB금융지주,금융,은행,20220419
038540,상상인,금융,은행,20220419
006220,제주은행,금융,은행,20220419
071050,한국금융지주,금융,증권,20220419
006800,미래에셋증권,금융,증권,20220419
016360,삼성증권,금융,증권,20220419
008560,메리츠증권,금융,증권,20220419
005940,NH투자증권,금융,증권,20220419
138040,메리츠금융지주,금융,증권,20220419
039490,키움증권,금융,증권,20220419
003540,대신증권,금융,증권,20220419
003530,한화투자증권,금융,증권,20220419
023590,다우기술,금융,증권,20220419
003470,유안타증권,금융,증권,20220419
001510,SK증권,금융,증권,20220419
001200,유진투자증권,금융,증권,20220419
030210,다올투자증권,금융,증권,20220419
001720,신영증권,금융,증권,20220419
001500,현대차증권,금융,증권,20220419
016610,DB금융투자,금융,증권,20220419
032190,다우데이타,금융,증권,20220419
030610,교보증권,금융,증권,20220419
078020,이베스트투자증권,금융,증권,20220419
001750,한양증권,금융,증권,20220419
001270,부국증권,금융,증권,20220419
003460,유화증권,금융,증권,20220419
001290,상상인증권,금융,증권,20220419
190650,코리아에셋투자증권,금융,증권,20220419
029780,삼성카드,금융,다각화된금융,20220419
041190,우리기술투자,금융,다각화된금융,20220419
010050,우리종금,금융,다각화된금융,20220419
021080,에이티넘인베스트,금융,다각화된금융,20220419
008060,대덕,금융,다각화된금융,20220419
100790,미래에셋벤처투자,금융,다각화된금융,20220419
027360,아주IB투자,금융,다각화된금융,20220419
012700,리드코프,금융,다각화된금융,20220419
019550,SBI인베스트먼트,금융,다각화된금융,20220419
289080,SV인베스트먼트,금융,다각화된금융,20220419
241520,DSC인베스트먼트,금융,다각화된금융,20220419
380440,엔에이치스팩19호,금융,다각화된금융,20220419
019590,엠벤처투자,금융,다각화된금융,20220419
204620,글로벌텍스프리,금융,다각화된금융,20220419
298870,다올인베스트먼트,금융,다각화된금융,20220419
307870,비투엔,금융,다각화된금융,20220419
021880,메이슨캐피탈,금융,다각화된금융,20220419
050120,ES큐브,금융,다각화된금융,20220419
027830,대성창투,금융,다각화된금융,20220419
016600,큐캐피탈,금융,다각화된금융,20220419
023760,한국캐피탈,금융,다각화된금융,20220419
246690,TS인베스트먼트,금융,다각화된금융,20220419
330730,스톤브릿지벤처스,금융,다각화된금융,20220419
391060,엔에이치스팩20호,금융,다각화된금융,20220419
019570,리더스 기술투자,금융,다각화된금융,20220419
307930,컴퍼니케이,금융,다각화된금융,20220419
007330,푸른저축은행,금융,다각화된금융,20220419
023460,CNH,금융,다각화된금융,20220419
293580,나우IB,금융,다각화된금융,20220419
336570,대신밸런스제8호스팩,금융,다각화된금융,20220419
277070,린드먼아시아,금융,다각화된금융,20220419
377630,삼성스팩4호,금융,다각화된금융,20220419
363260,하나금융17호스팩,금융,다각화된금융,20220419
391710,엔에이치스팩21호,금융,다각화된금융,20220419
397500,대신밸런스제11호스팩,금융,다각화된금융,20220419
380320,삼성머스트스팩5호,금융,다각화된금융,20220419
393360,신한제8호스팩,금융,다각화된금융,20220419
367340,DB금융스팩8호,금융,다각화된금융,20220419
406760,하나금융21호스팩,금융,다각화된금융,20220419
342550,케이비제20호스팩,금융,다각화된금융,20220419
367480,유안타제8호스팩,금융,다각화된금융,20220419
328380,미래에셋대우스팩3호,금융,다각화된금융,20220419
367460,유안타제7호스팩,금융,다각화된금융,20220419
396770,엔에이치스팩22호,금융,다각화된금융,20220419
388220,하나금융19호스팩,금융,다각화된금융,20220419
387310,대신밸런스제10호스팩,금융,다각화된금융,20220419
353060,에이치엠씨제5호스팩,금융,다각화된금융,20220419
340350,SK6호스팩,금융,다각화된금융,20220419
351340,IBKS제13호스팩,금융,다각화된금융,20220419
404950,DB금융스팩10호,금융,다각화된금융,20220419
400840,하이제7호스팩,금융,다각화된금융,20220419
413630,유진스팩8호,금융,다각화된금융,20220419
367360,DB금융스팩9호,금융,다각화된금융,20220419
365590,엔에이치스팩18호,금융,다각화된금융,20220419
323280,신영스팩5호,금융,다각화된금융,20220419
341160,하나금융15호스팩,금융,다각화된금융,20220419
409570,한국제10호스팩,금융,다각화된금융,20220419
366330,신한제7호스팩,금융,다각화된금융,20220419
372290,하나머스트7호스팩,금융,다각화된금융,20220419
377400,하이제6호스팩,금융,다각화된금융,20220419
332710,하나금융14호스팩,금융,다각화된금융,20220419
344050,신영스팩6호,금융,다각화된금융,20220419
353490,미래에셋대우스팩 5호,금융,다각화된금융,20220419
337450,SK5호스팩,금융,다각화된금융,20220419
333050,신한제6호스팩,금융,다각화된금융,20220419
340120,하이제5호스팩,금융,다각화된금융,20220419
386580,한화플러스제2호스팩,금융,다각화된금융,20220419
397880,교보11호스팩,금융,다각화된금융,20220419
355150,교보10호스팩,금융,다각화된금융,20220419
353070,에이치엠씨제4호스팩,금융,다각화된금융,20220419
331520,교보9호스팩,금융,다각화된금융,20220419
413600,키움제6호스팩,금융,다각화된금융,20220419
388800,유진스팩7호,금융,다각화된금융,20220419
343510,하나금융16호스팩,금융,다각화된금융,20220419
388790,IBKS제16호스팩,금융,다각화된금융,20220419
335870,IBKS제12호스팩,금융,다각화된금융,20220419
408920,에스케이증권7호스팩,금융,다각화된금융,20220419
349720,이베스트스팩5호,금융,다각화된금융,20220419
373340,유진스팩6호,금융,다각화된금융,20220419
400560,하나금융20호스팩,금융,다각화된금융,20220419
405350,IBKS제17호스팩,금융,다각화된금융,20220419
347140,케이프이에스제4호,금융,다각화된금융,20220419
000810,삼성화재,금융,보험,20220419
032830,삼성생명,금융,보험,20220419
005830,DB손해보험,금융,보험,20220419
000060,메리츠화재,금융,보험,20220419
001450,현대해상,금융,보험,20220419
000880,한화,금융,보험,20220419
088350,한화생명,금융,보험,20220419
003690,코리안리,금융,보험,20220419
000370,한화손해보험,금융,보험,20220419
082640,동양생명,금융,보험,20220419
085620,미래에셋생명,금융,보험,20220419
244920,에이플러스에셋,금융,보험,20220419
000400,롯데손해보험,금융,보험,20220419
000540,흥국화재,금융,보험,20220419
211050,인카금융서비스,금융,보험,20220419
365550,ESR켄달스퀘어리츠,금융,부동산,20220419
330590,롯데리츠,금융,부동산,20220419
395400,SK리츠,금융,부동산,20220419
348950,제이알글로벌리츠,금융,부동산,20220419
293940,신한알파리츠,금융,부동산,20220419
034830,한국토지신탁,금융,부동산,20220419
210980,SK디앤디,금융,부동산,20220419
123890,한국자산신탁,금융,부동산,20220419
417310,코람코더원리츠,금융,부동산,20220419
357120,코람코에너지리츠,금융,부동산,20220419
377190,디앤디플랫폼리츠,금융,부동산,20220419
334890,이지스밸류리츠,금융,부동산,20220419
396690,미래에셋글로벌리츠,금융,부동산,20220419
400760,NH올원리츠,금융,부동산,20220419
404990,신한서부티엔디리츠,금융,부동산,20220419
350520,이지스레지던스리츠,금융,부동산,20220419
088260,이리츠코크렙,금융,부동산,20220419
338100,NH프라임리츠,금융,부동산,20220419
357250,미래에셋맵스리츠,금융,부동산,20220419
145270,케이탑리츠,금융,부동산,20220419
015020,이스타코,금융,부동산,20220419
005110,한창,금융,부동산,20220419
204210,모두투어리츠,금융,부동산,20220419
140910,에이리츠,금융,부동산,20220419
377300,카카오페이,IT,소프트웨어와서비스,20220419
018260,삼성에스디에스,IT,소프트웨어와서비스,20220419
012510,더존비즈온,IT,소프트웨어와서비스,20220419
307950,현대오토에버,IT,소프트웨어와서비스,20220419
181710,NHN,IT,소프트웨어와서비스,20220419
053800,안랩,IT,소프트웨어와서비스,20220419
060250,NHN한국사이버결제,IT,소프트웨어와서비스,20220419
064260,다날,IT,소프트웨어와서비스,20220419
030520,한글과컴퓨터,IT,소프트웨어와서비스,20220419
042000,카페24,IT,소프트웨어와서비스,20220419
035600,KG이니시스,IT,소프트웨어와서비스,20220419
022100,포스코 ICT,IT,소프트웨어와서비스,20220419
376300,디어유,IT,소프트웨어와서비스,20220419
377030,맥스트,IT,소프트웨어와서비스,20220419
052400,코나아이,IT,소프트웨어와서비스,20220419
045390,대아티아이,IT,소프트웨어와서비스,20220419
294570,쿠콘,IT,소프트웨어와서비스,20220419
376980,원티드랩,IT,소프트웨어와서비스,20220419
053580,웹케시,IT,소프트웨어와서비스,20220419
347860,알체라,IT,소프트웨어와서비스,20220419
053300,한국정보인증,IT,소프트웨어와서비스,20220419
035510,신세계 I&C,IT,소프트웨어와서비스,20220419
286940,롯데정보통신,IT,소프트웨어와서비스,20220419
046440,KG모빌리언스,IT,소프트웨어와서비스,20220419
214180,민앤지,IT,소프트웨어와서비스,20220419
093320,케이아이엔엑스,IT,소프트웨어와서비스,20220419
131370,알서포트,IT,소프트웨어와서비스,20220419
094480,갤럭시아머니트리,IT,소프트웨어와서비스,20220419
301300,바이브컴퍼니,IT,소프트웨어와서비스,20220419
203650,드림시큐리티,IT,소프트웨어와서비스,20220419
079940,가비아,IT,소프트웨어와서비스,20220419
234340,세틀뱅크,IT,소프트웨어와서비스,20220419
040350,큐로컴,IT,소프트웨어와서비스,20220419
139670,키네마스터,IT,소프트웨어와서비스,20220419
136540,윈스,IT,소프트웨어와서비스,20220419
041460,한국전자인증,IT,소프트웨어와서비스,20220419
086960,한컴MDS,IT,소프트웨어와서비스,20220419
357880,비트나인,IT,소프트웨어와서비스,20220419
058970,엠로,IT,소프트웨어와서비스,20220419
192250,케이사인,IT,소프트웨어와서비스,20220419
054920,한컴위드,IT,소프트웨어와서비스,20220419
063570,한국전자금융,IT,소프트웨어와서비스,20220419
042510,라온시큐어,IT,소프트웨어와서비스,20220419
352910,오비고,IT,소프트웨어와서비스,20220419
163730,핑거,IT,소프트웨어와서비스,20220419
012030,DB,IT,소프트웨어와서비스,20220419
205100,엑셈,IT,소프트웨어와서비스,20220419
304100,솔트룩스,IT,소프트웨어와서비스,20220419
039290,인포뱅크,IT,소프트웨어와서비스,20220419
047560,이스트소프트,IT,소프트웨어와서비스,20220419
031820,콤텍시스템,IT,소프트웨어와서비스,20220419
234300,에스트래픽,IT,소프트웨어와서비스,20220419
049480,오픈베이스,IT,소프트웨어와서비스,20220419
094860,네오리진,IT,소프트웨어와서비스,20220419
377480,마인즈랩,IT,소프트웨어와서비스,20220419
150900,파수,IT,소프트웨어와서비스,20220419
032680,소프트센,IT,소프트웨어와서비스,20220419
053980,오상자이엘,IT,소프트웨어와서비스,20220419
303530,이노뎁,IT,소프트웨어와서비스,20220419
158430,아톤,IT,소프트웨어와서비스,20220419
276040,스코넥,IT,소프트웨어와서비스,20220419
138580,비즈니스온,IT,소프트웨어와서비스,20220419
041020,폴라리스오피스,IT,소프트웨어와서비스,20220419
367000,플래티어,IT,소프트웨어와서비스,20220419
315640,딥노이드,IT,소프트웨어와서비스,20220419
069410,엔텔스,IT,소프트웨어와서비스,20220419
321820,와이더플래닛,IT,소프트웨어와서비스,20220419
039420,케이엘넷,IT,소프트웨어와서비스,20220419
052600,한네트,IT,소프트웨어와서비스,20220419
099390,브레인즈컴퍼니,IT,소프트웨어와서비스,20220419
189330,씨이랩,IT,소프트웨어와서비스,20220419
067920,이글루,IT,소프트웨어와서비스,20220419
079970,투비소프트,IT,소프트웨어와서비스,20220419
242040,나무기술,IT,소프트웨어와서비스,20220419
219420,링크제니시스,IT,소프트웨어와서비스,20220419
046110,한일네트웍스,IT,소프트웨어와서비스,20220419
139050,시티랩스,IT,소프트웨어와서비스,20220419
336060,웨이버스,IT,소프트웨어와서비스,20220419
020180,대신정보통신,IT,소프트웨어와서비스,20220419
220180,핸디소프트,IT,소프트웨어와서비스,20220419
064850,에프앤가이드,IT,소프트웨어와서비스,20220419
262840,아이퀘스트,IT,소프트웨어와서비스,20220419
065440,이루온,IT,소프트웨어와서비스,20220419
065370,위세아이텍,IT,소프트웨어와서비스,20220419
040160,누리플렉스,IT,소프트웨어와서비스,20220419
042500,링네트,IT,소프트웨어와서비스,20220419
039310,세중,IT,소프트웨어와서비스,20220419
288980,모아데이타,IT,소프트웨어와서비스,20220419
064480,브리지텍,IT,소프트웨어와서비스,20220419
060850,영림원소프트랩,IT,소프트웨어와서비스,20220419
075130,플랜티넷,IT,소프트웨어와서비스,20220419
263860,지니언스,IT,소프트웨어와서비스,20220419
065710,서호전기,IT,소프트웨어와서비스,20220419
045510,정원엔시스,IT,소프트웨어와서비스,20220419
067010,이씨에스,IT,소프트웨어와서비스,20220419
263800,데이타솔루션,IT,소프트웨어와서비스,20220419
010280,쌍용정보통신,IT,소프트웨어와서비스,20220419
131090,시큐브,IT,소프트웨어와서비스,20220419
050960,수산아이앤티,IT,소프트웨어와서비스,20220419
072130,유엔젤,IT,소프트웨어와서비스,20220419
267850,아시아나IDT,IT,소프트웨어와서비스,20220419
085810,알티캐스트,IT,소프트웨어와서비스,20220419
007120,미래아이앤지,IT,소프트웨어와서비스,20220419
279600,미디어젠,IT,소프트웨어와서비스,20220419
039980,리노스,IT,소프트웨어와서비스,20220419
053350,이니텍,IT,소프트웨어와서비스,20220419
049470,SGA,IT,소프트웨어와서비스,20220419
115310,인포바인,IT,소프트웨어와서비스,20220419
258790,소프트캠프,IT,소프트웨어와서비스,20220419
184230,SGA솔루션즈,IT,소프트웨어와서비스,20220419
100030,모바일리더,IT,소프트웨어와서비스,20220419
351330,이삭엔지니어링,IT,소프트웨어와서비스,20220419
189690,포시에스,IT,소프트웨어와서비스,20220419
197140,디지캡,IT,소프트웨어와서비스,20220419
078000,텔코웨어,IT,소프트웨어와서비스,20220419
290270,휴네시온,IT,소프트웨어와서비스,20220419
356890,싸이버원,IT,소프트웨어와서비스,20220419
322180,티라유텍,IT,소프트웨어와서비스,20220419
115500,케이씨에스,IT,소프트웨어와서비스,20220419
070590,한솔인티큐브,IT,소프트웨어와서비스,20220419
173130,오파스넷,IT,소프트웨어와서비스,20220419
372800,아이티아이즈,IT,소프트웨어와서비스,20220419
067730,로지시스,IT,소프트웨어와서비스,20220419
208350,지란지교시큐리티,IT,소프트웨어와서비스,20220419
169330,엠브레인,IT,소프트웨어와서비스,20220419
153460,네이블,IT,소프트웨어와서비스,20220419
275630,에스에스알,IT,소프트웨어와서비스,20220419
009150,삼성전기,IT,기술하드웨어와장비,20220419
011070,LG이노텍,IT,기술하드웨어와장비,20220419
020150,일진머티리얼즈,IT,기술하드웨어와장비,20220419
098460,고영,IT,기술하드웨어와장비,20220419
222800,심텍,IT,기술하드웨어와장비,20220419
353200,대덕전자,IT,기술하드웨어와장비,20220419
078600,대주전자재료,IT,기술하드웨어와장비,20220419
248070,솔루엠,IT,기술하드웨어와장비,20220419
032500,케이엠더블유,IT,기술하드웨어와장비,20220419
068240,다원시스,IT,기술하드웨어와장비,20220419
336370,솔루스첨단소재,IT,기술하드웨어와장비,20220419
090460,비에이치,IT,기술하드웨어와장비,20220419
097520,엠씨넥스,IT,기술하드웨어와장비,20220419
140860,파크시스템스,IT,기술하드웨어와장비,20220419
091120,이엠텍,IT,기술하드웨어와장비,20220419
218410,RFHIC,IT,기술하드웨어와장비,20220419
178320,서진시스템,IT,기술하드웨어와장비,20220419
091700,파트론,IT,기술하드웨어와장비,20220419
049070,인탑스,IT,기술하드웨어와장비,20220419
189300,인텔리안테크,IT,기술하드웨어와장비,20220419
106240,파인테크닉스,IT,기술하드웨어와장비,20220419
054210,이랜텍,IT,기술하드웨어와장비,20220419
088800,에이스테크,IT,기술하드웨어와장비,20220419
033240,자화전자,IT,기술하드웨어와장비,20220419
007660,이수페타시스,IT,기술하드웨어와장비,20220419
089980,상아프론테크,IT,기술하드웨어와장비,20220419
050890,쏠리드,IT,기술하드웨어와장비,20220419
060720,KH바텍,IT,기술하드웨어와장비,20220419
007810,코리아써키트,IT,기술하드웨어와장비,20220419
032820,우리기술,IT,기술하드웨어와장비,20220419
230240,에치에프알,IT,기술하드웨어와장비,20220419
084850,아이티엠반도체,IT,기술하드웨어와장비,20220419
214870,뉴지랩파마,IT,기술하드웨어와장비,20220419
192650,드림텍,IT,기술하드웨어와장비,20220419
052020,에스티큐브,IT,기술하드웨어와장비,20220419
052710,아모텍,IT,기술하드웨어와장비,20220419
031330,에스에이엠티,IT,기술하드웨어와장비,20220419
126700,하이비젼시스템,IT,기술하드웨어와장비,20220419
299030,하나기술,IT,기술하드웨어와장비,20220419
138080,오이솔루션,IT,기술하드웨어와장비,20220419
122990,와이솔,IT,기술하드웨어와장비,20220419
051370,인터플렉스,IT,기술하드웨어와장비,20220419
200230,텔콘RF제약,IT,기술하드웨어와장비,20220419
151910,나노스,IT,기술하드웨어와장비,20220419
000670,영풍,IT,기술하드웨어와장비,20220419
073490,이노와이어리스,IT,기술하드웨어와장비,20220419
039560,다산네트웍스,IT,기술하드웨어와장비,20220419
025320,시노펙스,IT,기술하드웨어와장비,20220419
091580,상신이디피,IT,기술하드웨어와장비,20220419
148150,세경하이테크,IT,기술하드웨어와장비,20220419
029530,신도리코,IT,기술하드웨어와장비,20220419
192440,슈피겐코리아,IT,기술하드웨어와장비,20220419
061040,알에프텍,IT,기술하드웨어와장비,20220419
065680,우주일렉트로,IT,기술하드웨어와장비,20220419
045970,코아시아,IT,기술하드웨어와장비,20220419
318020,포인트모바일,IT,기술하드웨어와장비,20220419
264450,유비쿼스,IT,기술하드웨어와장비,20220419
238090,앤디포스,IT,기술하드웨어와장비,20220419
179900,유티아이,IT,기술하드웨어와장비,20220419
262260,에이프로,IT,기술하드웨어와장비,20220419
066410,버킷스튜디오,IT,기술하드웨어와장비,20220419
082210,옵트론텍,IT,기술하드웨어와장비,20220419
161580,필옵틱스,IT,기술하드웨어와장비,20220419
143160,아이디스,IT,기술하드웨어와장비,20220419
078070,유비쿼스홀딩스,IT,기술하드웨어와장비,20220419
051380,피씨디렉트,IT,기술하드웨어와장비,20220419
285490,노바텍,IT,기술하드웨어와장비,20220419
193250,와이제이엠게임즈,IT,기술하드웨어와장비,20220419
053450,세코닉스,IT,기술하드웨어와장비,20220419
031860,엔에스엔,IT,기술하드웨어와장비,20220419
236200,슈프리마,IT,기술하드웨어와장비,20220419
049550,잉크테크,IT,기술하드웨어와장비,20220419
332570,와이팜,IT,기술하드웨어와장비,20220419
190510,나무가,IT,기술하드웨어와장비,20220419
004770,써니전자,IT,기술하드웨어와장비,20220419
050110,캠시스,IT,기술하드웨어와장비,20220419
196450,코아시아옵틱스,IT,기술하드웨어와장비,20220419
033560,블루콤,IT,기술하드웨어와장비,20220419
037460,삼지전자,IT,기술하드웨어와장비,20220419
106520,노블엠앤비,IT,기술하드웨어와장비,20220419
068940,아이씨케이,IT,기술하드웨어와장비,20220419
096040,이트론,IT,기술하드웨어와장비,20220419
093520,매커스,IT,기술하드웨어와장비,20220419
290550,디케이티,IT,기술하드웨어와장비,20220419
036710,심텍홀딩스,IT,기술하드웨어와장비,20220419
085670,뉴프렉스,IT,기술하드웨어와장비,20220419
211270,AP위성,IT,기술하드웨어와장비,20220419
033230,인성정보,IT,기술하드웨어와장비,20220419
333620,엔시스,IT,기술하드웨어와장비,20220419
066670,디스플레이텍,IT,기술하드웨어와장비,20220419
069540,라이트론,IT,기술하드웨어와장비,20220419
094170,동운아나텍,IT,기술하드웨어와장비,20220419
072770,율호,IT,기술하드웨어와장비,20220419
204270,제이앤티씨,IT,기술하드웨어와장비,20220419
089850,유비벨록스,IT,기술하드웨어와장비,20220419
045660,에이텍,IT,기술하드웨어와장비,20220419
038680,에스넷,IT,기술하드웨어와장비,20220419
065650,메디프론,IT,기술하드웨어와장비,20220419
347000,센코,IT,기술하드웨어와장비,20220419
258610,케일럼,IT,기술하드웨어와장비,20220419
357580,아모센스,IT,기술하드웨어와장비,20220419
251630,브이원텍,IT,기술하드웨어와장비,20220419
060230,소니드,IT,기술하드웨어와장비,20220419
057540,옴니시스템,IT,기술하드웨어와장비,20220419
300120,라온피플,IT,기술하드웨어와장비,20220419
129890,앱코,IT,기술하드웨어와장비,20220419
038460,바이오스마트,IT,기술하드웨어와장비,20220419
096630,에스코넥,IT,기술하드웨어와장비,20220419
340930,유일에너테크,IT,기술하드웨어와장비,20220419
076610,해성옵틱스,IT,기술하드웨어와장비,20220419
096690,에이루트,IT,기술하드웨어와장비,20220419
049630,재영솔루텍,IT,기술하드웨어와장비,20220419
095270,웨이브일렉트로,IT,기술하드웨어와장비,20220419
125210,아모그린텍,IT,기술하드웨어와장비,20220419
033320,제이씨현시스템,IT,기술하드웨어와장비,20220419
093190,빅솔론,IT,기술하드웨어와장비,20220419
080420,모다이노칩,IT,기술하드웨어와장비,20220419
131400,이브이첨단소재,IT,기술하드웨어와장비,20220419
263600,덕우전자,IT,기술하드웨어와장비,20220419
092300,현우산업,IT,기술하드웨어와장비,20220419
347890,엠투아이,IT,기술하드웨어와장비,20220419
148250,알엔투테크놀로지,IT,기술하드웨어와장비,20220419
054800,아이디스홀딩스,IT,기술하드웨어와장비,20220419
056360,코위버,IT,기술하드웨어와장비,20220419
170790,파이오링크,IT,기술하드웨어와장비,20220419
094940,푸른기술,IT,기술하드웨어와장비,20220419
093920,서원인텍,IT,기술하드웨어와장비,20220419
017900,광전자,IT,기술하드웨어와장비,20220419
115440,우리넷,IT,기술하드웨어와장비,20220419
072990,에이치시티,IT,기술하드웨어와장비,20220419
054090,삼진엘앤디,IT,기술하드웨어와장비,20220419
123840,한일진공,IT,기술하드웨어와장비,20220419
317120,라닉스,IT,기술하드웨어와장비,20220419
208710,바이오로그디바이스,IT,기술하드웨어와장비,20220419
004270,남성,IT,기술하드웨어와장비,20220419
215790,이노인스트루먼트,IT,기술하드웨어와장비,20220419
096640,멜파스,IT,기술하드웨어와장비,20220419
370090,퓨런티어,IT,기술하드웨어와장비,20220419
031310,아이즈비전,IT,기술하드웨어와장비,20220419
046310,백금T&A,IT,기술하드웨어와장비,20220419
109080,옵티시스,IT,기술하드웨어와장비,20220419
039010,현대에이치티,IT,기술하드웨어와장비,20220419
101390,아이엠,IT,기술하드웨어와장비,20220419
100590,머큐리,IT,기술하드웨어와장비,20220419
187220,디티앤씨,IT,기술하드웨어와장비,20220419
089150,케이씨티,IT,기술하드웨어와장비,20220419
290740,액트로,IT,기술하드웨어와장비,20220419
224110,에이텍티앤,IT,기술하드웨어와장비,20220419
327260,RF머트리얼즈,IT,기술하드웨어와장비,20220419
037950,엘컴텍,IT,기술하드웨어와장비,20220419
044380,주연테크,IT,기술하드웨어와장비,20220419
083640,인콘,IT,기술하드웨어와장비,20220419
060540,에스에이티,IT,기술하드웨어와장비,20220419
015260,에이엔피,IT,기술하드웨어와장비,20220419
227100,에이치앤비디자인,IT,기술하드웨어와장비,20220419
016920,카스,IT,기술하드웨어와장비,20220419
094840,슈프리마에이치큐,IT,기술하드웨어와장비,20220419
376290,씨유테크,IT,기술하드웨어와장비,20220419
348350,위드텍,IT,기술하드웨어와장비,20220419
225190,삼양옵틱스,IT,기술하드웨어와장비,20220419
015710,코콤,IT,기술하드웨어와장비,20220419
203450,유니온커뮤니티,IT,기술하드웨어와장비,20220419
079190,케스피온,IT,기술하드웨어와장비,20220419
192410,THQ,IT,기술하드웨어와장비,20220419
131180,딜리,IT,기술하드웨어와장비,20220419
052460,아이크래프트,IT,기술하드웨어와장비,20220419
340360,다보링크,IT,기술하드웨어와장비,20220419
036690,코맥스,IT,기술하드웨어와장비,20220419
065770,CS,IT,기술하드웨어와장비,20220419
331380,포커스에이치엔에스,IT,기술하드웨어와장비,20220419
066900,디에이피,IT,기술하드웨어와장비,20220419
263810,상신전자,IT,기술하드웨어와장비,20220419
091340,S&K폴리텍,IT,기술하드웨어와장비,20220419
035460,기산텔레콤,IT,기술하드웨어와장비,20220419
320000,윈텍,IT,기술하드웨어와장비,20220419
081580,성우전자,IT,기술하드웨어와장비,20220419
072950,빛샘전자,IT,기술하드웨어와장비,20220419
174880,장원테크,IT,기술하드웨어와장비,20220419
115610,이미지스,IT,기술하드웨어와장비,20220419
361670,삼영에스앤씨,IT,기술하드웨어와장비,20220419
011230,삼화전자,IT,기술하드웨어와장비,20220419
062970,피피아이,IT,기술하드웨어와장비,20220419
069510,에스텍,IT,기술하드웨어와장비,20220419
004920,씨아이테크,IT,기술하드웨어와장비,20220419
065690,파커스,IT,기술하드웨어와장비,20220419
109070,컨버즈,IT,기술하드웨어와장비,20220419
264850,이랜시스,IT,기술하드웨어와장비,20220419
073540,에프알텍,IT,기술하드웨어와장비,20220419
198080,엔피디,IT,기술하드웨어와장비,20220419
332370,아이디피,IT,기술하드웨어와장비,20220419
070300,엑스큐어,IT,기술하드웨어와장비,20220419
317770,슈프리마아이디,IT,기술하드웨어와장비,20220419
043360,디지아이,IT,기술하드웨어와장비,20220419
039740,한국정보공학,IT,기술하드웨어와장비,20220419
091440,텔레필드,IT,기술하드웨어와장비,20220419
008110,대동전자,IT,기술하드웨어와장비,20220419
191410,육일씨엔에쓰,IT,기술하드웨어와장비,20220419
017250,인터엠,IT,기술하드웨어와장비,20220419
373200,하인크코리아,IT,기술하드웨어와장비,20220419
033200,모아텍,IT,기술하드웨어와장비,20220419
032960,동일기연,IT,기술하드웨어와장비,20220419
005930,삼성전자,IT,반도체와반도체장비,20220419
000660,SK하이닉스,IT,반도체와반도체장비,20220419
402340,SK스퀘어,IT,반도체와반도체장비,20220419
000990,DB하이텍,IT,반도체와반도체장비,20220419
058470,리노공업,IT,반도체와반도체장비,20220419
240810,원익IPS,IT,반도체와반도체장비,20220419
005290,동진쎄미켐,IT,반도체와반도체장비,20220419
357780,솔브레인,IT,반도체와반도체장비,20220419
039030,이오테크닉스,IT,반도체와반도체장비,20220419
036930,주성엔지니어링,IT,반도체와반도체장비,20220419
067310,하나마이크론,IT,반도체와반도체장비,20220419
195870,해성디에스,IT,반도체와반도체장비,20220419
042700,한미반도체,IT,반도체와반도체장비,20220419
084370,유진테크,IT,반도체와반도체장비,20220419
166090,하나머티리얼즈,IT,반도체와반도체장비,20220419
064760,티씨케이,IT,반도체와반도체장비,20220419
036540,SFA반도체,IT,반도체와반도체장비,20220419
131970,테스나,IT,반도체와반도체장비,20220419
319660,피에스케이,IT,반도체와반도체장비,20220419
033640,네패스,IT,반도체와반도체장비,20220419
082270,젬백스,IT,반도체와반도체장비,20220419
074600,원익QnC,IT,반도체와반도체장비,20220419
348210,넥스틴,IT,반도체와반도체장비,20220419
101490,에스앤에스텍,IT,반도체와반도체장비,20220419
086390,유니테스트,IT,반도체와반도체장비,20220419
095610,테스,IT,반도체와반도체장비,20220419
095340,ISC,IT,반도체와반도체장비,20220419
080580,오킨스전자,IT,반도체와반도체장비,20220419
183300,코미코,IT,반도체와반도체장비,20220419
089970,에이피티씨,IT,반도체와반도체장비,20220419
061970,엘비세미콘,IT,반도체와반도체장비,20220419
092220,KEC,IT,반도체와반도체장비,20220419
036830,솔브레인홀딩스,IT,반도체와반도체장비,20220419
089030,테크윙,IT,반도체와반도체장비,20220419
036810,에프에스티,IT,반도체와반도체장비,20220419
131290,티에스이,IT,반도체와반도체장비,20220419
059090,미코,IT,반도체와반도체장비,20220419
011930,신성이엔지,IT,반도체와반도체장비,20220419
101160,월덱스,IT,반도체와반도체장비,20220419
064290,인텍플러스,IT,반도체와반도체장비,20220419
036200,유니셈,IT,반도체와반도체장비,20220419
031980,피에스케이홀딩스,IT,반도체와반도체장비,20220419
281820,케이씨텍,IT,반도체와반도체장비,20220419
033160,엠케이전자,IT,반도체와반도체장비,20220419
039440,에스티아이,IT,반도체와반도체장비,20220419
083450,GST,IT,반도체와반도체장비,20220419
200710,에이디테크놀로지,IT,반도체와반도체장비,20220419
030530,원익홀딩스,IT,반도체와반도체장비,20220419
092070,디엔에프,IT,반도체와반도체장비,20220419
079370,제우스,IT,반도체와반도체장비,20220419
053610,프로텍,IT,반도체와반도체장비,20220419
054450,텔레칩스,IT,반도체와반도체장비,20220419
083310,엘오티베큠,IT,반도체와반도체장비,20220419
080220,제주반도체,IT,반도체와반도체장비,20220419
102120,어보브반도체,IT,반도체와반도체장비,20220419
114810,아이원스,IT,반도체와반도체장비,20220419
003160,디아이,IT,반도체와반도체장비,20220419
029460,케이씨,IT,반도체와반도체장비,20220419
119830,아이텍,IT,반도체와반도체장비,20220419
077500,유니퀘스트,IT,반도체와반도체장비,20220419
232680,라온테크,IT,반도체와반도체장비,20220419
077360,덕산하이메탈,IT,반도체와반도체장비,20220419
144960,뉴파워프라즈마,IT,반도체와반도체장비,20220419
122640,예스티,IT,반도체와반도체장비,20220419
094360,칩스앤미디어,IT,반도체와반도체장비,20220419
227950,엔투텍,IT,반도체와반도체장비,20220419
330860,네패스아크,IT,반도체와반도체장비,20220419
033170,시그네틱스,IT,반도체와반도체장비,20220419
049080,기가레인,IT,반도체와반도체장비,20220419
232140,와이아이케이,IT,반도체와반도체장비,20220419
066310,큐에스아이,IT,반도체와반도체장비,20220419
160980,싸이맥스,IT,반도체와반도체장비,20220419
241790,오션브릿지,IT,반도체와반도체장비,20220419
078350,한양디지텍,IT,반도체와반도체장비,20220419
089890,코세스,IT,반도체와반도체장비,20220419
146320,비씨엔씨,IT,반도체와반도체장비,20220419
092870,엑시콘,IT,반도체와반도체장비,20220419
200470,에이팩트,IT,반도체와반도체장비,20220419
382800,지앤비에스엔지니어링,IT,반도체와반도체장비,20220419
059120,아진엑스텍,IT,반도체와반도체장비,20220419
098120,마이크로컨텍솔,IT,반도체와반도체장비,20220419
267320,나인테크,IT,반도체와반도체장비,20220419
322310,오로스테크놀로지,IT,반도체와반도체장비,20220419
097800,윈팩,IT,반도체와반도체장비,20220419
252990,샘씨엔에스,IT,반도체와반도체장비,20220419
303030,지니틱스,IT,반도체와반도체장비,20220419
073570,WI,IT,반도체와반도체장비,20220419
264660,씨앤지하이테크,IT,반도체와반도체장비,20220419
025560,미래산업,IT,반도체와반도체장비,20220419
140070,서플러스글로벌,IT,반도체와반도체장비,20220419
052900,KMH하이텍,IT,반도체와반도체장비,20220419
093640,다믈멀티미디어,IT,반도체와반도체장비,20220419
089790,제이티,IT,반도체와반도체장비,20220419
080520,오디텍,IT,반도체와반도체장비,20220419
376190,엘비루셈,IT,반도체와반도체장비,20220419
217500,러셀,IT,반도체와반도체장비,20220419
117670,알파홀딩스,IT,반도체와반도체장비,20220419
123010,폴라리스웍스,IT,반도체와반도체장비,20220419
089530,에이티세미콘,IT,반도체와반도체장비,20220419
142210,유니트론텍,IT,반도체와반도체장비,20220419
171010,램테크놀러지,IT,반도체와반도체장비,20220419
147760,마이크로프랜드,IT,반도체와반도체장비,20220419
219130,타이거일렉,IT,반도체와반도체장비,20220419
092600,앤씨앤,IT,반도체와반도체장비,20220419
241770,메카로,IT,반도체와반도체장비,20220419
006200,한국전자홀딩스,IT,반도체와반도체장비,20220419
224060,코디엠,IT,반도체와반도체장비,20220419
253590,네오셈,IT,반도체와반도체장비,20220419
052860,아이앤씨,IT,반도체와반도체장비,20220419
306620,네온테크,IT,반도체와반도체장비,20220419
071280,로체시스템즈,IT,반도체와반도체장비,20220419
217190,제너셈,IT,반도체와반도체장비,20220419
356860,티엘비,IT,반도체와반도체장비,20220419
032580,피델릭스,IT,반도체와반도체장비,20220419
222160,바이옵트로,IT,반도체와반도체장비,20220419
050090,비케이홀딩스,IT,반도체와반도체장비,20220419
087600,픽셀플러스,IT,반도체와반도체장비,20220419
054940,엑사이엔씨,IT,반도체와반도체장비,20220419
311320,지오엘리먼트,IT,반도체와반도체장비,20220419
101400,엔시트론,IT,반도체와반도체장비,20220419
096610,알에프세미,IT,반도체와반도체장비,20220419
045300,성우테크론,IT,반도체와반도체장비,20220419
024850,피에스엠씨,IT,반도체와반도체장비,20220419
006400,삼성SDI,IT,전자와 전기제품,20220419
373220,LG에너지솔루션,IT,전자와 전기제품,20220419
066570,LG전자,IT,전자와 전기제품,20220419
066970,엘앤에프,IT,전자와 전기제품,20220419
247540,에코프로비엠,IT,전자와 전기제품,20220419
361610,SK아이이테크놀로지,IT,전자와 전기제품,20220419
278280,천보,IT,전자와 전기제품,20220419
336260,두산퓨얼셀,IT,전자와 전기제품,20220419
137400,피엔티,IT,전자와 전기제품,20220419
222080,씨아이에스,IT,전자와 전기제품,20220419
348370,엔켐,IT,전자와 전기제품,20220419
001820,삼화콘덴서,IT,전자와 전기제품,20220419
382840,원준,IT,전자와 전기제품,20220419
033180,KH 필룩스,IT,전자와 전기제품,20220419
026890,스틱인베스트먼트,IT,전자와 전기제품,20220419
131390,원익피앤이,IT,전자와 전기제품,20220419
058610,에스피지,IT,전자와 전기제품,20220419
082920,비츠로셀,IT,전자와 전기제품,20220419
078890,가온미디어,IT,전자와 전기제품,20220419
243840,신흥에스이씨,IT,전자와 전기제품,20220419
259630,엠플러스,IT,전자와 전기제품,20220419
047310,파워로직스,IT,전자와 전기제품,20220419
009470,삼화전기,IT,전자와 전기제품,20220419
115160,휴맥스,IT,전자와 전기제품,20220419
008700,아남전자,IT,전자와 전기제품,20220419
084730,팅크웨어,IT,전자와 전기제품,20220419
196490,디에이테크놀로지,IT,전자와 전기제품,20220419
134580,탑코미디어,IT,전자와 전기제품,20220419
087260,모바일어플라이언스,IT,전자와 전기제품,20220419
064240,홈캐스트,IT,전자와 전기제품,20220419
290670,대보마그네틱,IT,전자와 전기제품,20220419
005680,삼영전자,IT,전자와 전기제품,20220419
036010,아비코전자,IT,전자와 전기제품,20220419
273640,와이엠텍,IT,전자와 전기제품,20220419
288620,에스퓨얼셀,IT,전자와 전기제품,20220419
079960,동양이엔피,IT,전자와 전기제품,20220419
217820,엔에스,IT,전자와 전기제품,20220419
012340,뉴인텍,IT,전자와 전기제품,20220419
302430,이노메트리,IT,전자와 전기제품,20220419
377330,이지트로닉스,IT,전자와 전기제품,20220419
382480,지아이텍,IT,전자와 전기제품,20220419
037030,파워넷,IT,전자와 전기제품,20220419
111870,KH 일렉트론,IT,전자와 전기제품,20220419
042110,에스씨디,IT,전자와 전기제품,20220419
297570,알로이스,IT,전자와 전기제품,20220419
032540,TJ미디어,IT,전자와 전기제품,20220419
312610,에이에프더블류,IT,전자와 전기제품,20220419
043260,성호전자,IT,전자와 전기제품,20220419
038950,파인디지털,IT,전자와 전기제품,20220419
368770,파이버프로,IT,전자와 전기제품,20220419
002230,피에스텍,IT,전자와 전기제품,20220419
027040,서울전자통신,IT,전자와 전기제품,20220419
032750,삼진,IT,전자와 전기제품,20220419
014910,성문전자,IT,전자와 전기제품,20220419
028080,휴맥스홀딩스,IT,전자와 전기제품,20220419
187270,신화콘텍,IT,전자와 전기제품,20220419
009140,경인전자,IT,전자와 전기제품,20220419
034220,LG디스플레이,IT,디스플레이,20220419
108320,LX세미콘,IT,디스플레이,20220419
272290,이녹스첨단소재,IT,디스플레이,20220419
121800,비덴트,IT,디스플레이,20220419
046890,서울반도체,IT,디스플레이,20220419
213420,덕산네오룩스,IT,디스플레이,20220419
265520,AP시스템,IT,디스플레이,20220419
123860,아나패스,IT,디스플레이,20220419
317330,덕산테코피아,IT,디스플레이,20220419
004710,한솔테크닉스,IT,디스플레이,20220419
054620,APS홀딩스,IT,디스플레이,20220419
108230,톱텍,IT,디스플레이,20220419
109740,디에스케이,IT,디스플레이,20220419
095500,미래나노텍,IT,디스플레이,20220419
078150,HB테크놀러지,IT,디스플레이,20220419
040910,아이씨디,IT,디스플레이,20220419
051360,토비스,IT,디스플레이,20220419
149950,아바텍,IT,디스플레이,20220419
082850,우리바이오,IT,디스플레이,20220419
092190,서울바이오시스,IT,디스플레이,20220419
068790,DMS,IT,디스플레이,20220419
052330,코텍,IT,디스플레이,20220419
256940,케이피에스,IT,디스플레이,20220419
141000,비아트론,IT,디스플레이,20220419
187870,디바이스이엔지,IT,디스플레이,20220419
027580,상보,IT,디스플레이,20220419
036090,위지트,IT,디스플레이,20220419
371950,풍원정밀,IT,디스플레이,20220419
255440,야스,IT,디스플레이,20220419
347770,핌스,IT,디스플레이,20220419
155650,와이엠씨,IT,디스플레이,20220419
083930,아바코,IT,디스플레이,20220419
049950,미래컴퍼니,IT,디스플레이,20220419
256630,포인트엔지니어링,IT,디스플레이,20220419
171090,선익시스템,IT,디스플레이,20220419
079810,디이엔티,IT,디스플레이,20220419
143540,영우디에스피,IT,디스플레이,20220419
117730,티로보틱스,IT,디스플레이,20220419
065130,탑엔지니어링,IT,디스플레이,20220419
110990,디아이티,IT,디스플레이,20220419
297890,HB솔루션,IT,디스플레이,20220419
056700,신화인터텍,IT,디스플레이,20220419
290090,트윔,IT,디스플레이,20220419
137080,나래나노텍,IT,디스플레이,20220419
272110,케이엔제이,IT,디스플레이,20220419
011690,와이투솔루션,IT,디스플레이,20220419
080000,에스엔유,IT,디스플레이,20220419
238490,힘스,IT,디스플레이,20220419
088130,동아엘텍,IT,디스플레이,20220419
307180,아이엘사이언스,IT,디스플레이,20220419
137940,넥스트아이,IT,디스플레이,20220419
036170,클라우드에어,IT,디스플레이,20220419
009310,참엔지니어링,IT,디스플레이,20220419
131760,파인텍,IT,디스플레이,20220419
083500,에프엔에스테크,IT,디스플레이,20220419
090470,제이스텍,IT,디스플레이,20220419
038060,루멘스,IT,디스플레이,20220419
037330,인지디스플레,IT,디스플레이,20220419
037400,우리조명,IT,디스플레이,20220419
020760,일진디스플,IT,디스플레이,20220419
170920,엘티씨,IT,디스플레이,20220419
153490,우리이앤엘,IT,디스플레이,20220419
351320,에스에이티이엔지,IT,디스플레이,20220419
041520,이라이콤,IT,디스플레이,20220419
290520,신도기연,IT,디스플레이,20220419
049120,파인디앤씨,IT,디스플레이,20220419
059100,아이컴포넌트,IT,디스플레이,20220419
079950,인베니아,IT,디스플레이,20220419
063760,이엘피,IT,디스플레이,20220419
062860,티엘아이,IT,디스플레이,20220419
073110,엘엠에스,IT,디스플레이,20220419
054040,한국컴퓨터,IT,디스플레이,20220419
177350,베셀,IT,디스플레이,20220419
094970,제이엠티,IT,디스플레이,20220419
250930,예선테크,IT,디스플레이,20220419
121850,코이즈,IT,디스플레이,20220419
138690,엘아이에스,IT,디스플레이,20220419
001210,금호전기,IT,디스플레이,20220419
290690,소룩스,IT,디스플레이,20220419
069330,유아이디,IT,디스플레이,20220419
096870,엘디티,IT,디스플레이,20220419
067770,세진티에스,IT,디스플레이,20220419
321260,프로이천,IT,디스플레이,20220419
017670,SK텔레콤,커뮤니케이션서비스,전기통신서비스,20220419
030200,KT,커뮤니케이션서비스,전기통신서비스,20220419
032640,LG유플러스,커뮤니케이션서비스,전기통신서비스,20220419
006490,인스코비,커뮤니케이션서비스,전기통신서비스,20220419
036630,세종텔레콤,커뮤니케이션서비스,전기통신서비스,20220419
065530,와이어블,커뮤니케이션서비스,전기통신서비스,20220419
025770,한국정보통신,커뮤니케이션서비스,전기통신서비스,20220419
001000,신라섬유,커뮤니케이션서비스,전기통신서비스,20220419
035420,NAVER,커뮤니케이션서비스,미디어와엔터테인먼트,20220419
035720,카카오,커뮤니케이션서비스,미디어와엔터테인먼트,20220419
036570,엔씨소프트,커뮤니케이션서비스,미디어와엔터테인먼트,20220419
259960,크래프톤,커뮤니케이션서비스,미디어와엔터테인먼트,20220419
352820,하이브,커뮤니케이션서비스,미디어와엔터테인먼트,20220419
263750,펄어비스,커뮤니케이션서비스,미디어와엔터테인먼트,20220419
251270,넷마블,커뮤니케이션서비스,미디어와엔터테인먼트,20220419
030000,제일기획,커뮤니케이션서비스,미디어와엔터테인먼트,20220419
293490,카카오게임즈,커뮤니케이션서비스,미디어와엔터테인먼트,20220419
035900,JYP Ent.,커뮤니케이션서비스,미디어와엔터테인먼트,20220419
112040,위메이드,커뮤니케이션서비스,미디어와엔터테인먼트,20220419
035760,CJ ENM,커뮤니케이션서비스,미디어와엔터테인먼트,20220419
041510,에스엠,커뮤니케이션서비스,미디어와엔터테인먼트,20220419
067160,아프리카TV,커뮤니케이션서비스,미디어와엔터테인먼트,20220419
253450,스튜디오드래곤,커뮤니케이션서비스,미디어와엔터테인먼트,20220419
299900,위지윅스튜디오,커뮤니케이션서비스,미디어와엔터테인먼트,20220419
078340,컴투스,커뮤니케이션서비스,미디어와엔터테인먼트,20220419
122870,와이지엔터테인먼트,커뮤니케이션서비스,미디어와엔터테인먼트,20220419
079160,CJ CGV,커뮤니케이션서비스,미디어와엔터테인먼트,20220419
214320,이노션,커뮤니케이션서비스,미디어와엔터테인먼트,20220419
036420,제이콘텐트리,커뮤니케이션서비스,미디어와엔터테인먼트,20220419
047820,초록뱀미디어,커뮤니케이션서비스,미디어와엔터테인먼트,20220419
034120,SBS,커뮤니케이션서비스,미디어와엔터테인먼트,20220419
225570,넥슨게임즈,커뮤니케이션서비스,미디어와엔터테인먼트,20220419
194480,데브시스터즈,커뮤니케이션서비스,미디어와엔터테인먼트,20220419
069080,웹젠,커뮤니케이션서비스,미디어와엔터테인먼트,20220419
215000,골프존,커뮤니케이션서비스,미디어와엔터테인먼트,20220419
192080,더블유게임즈,커뮤니케이션서비스,미디어와엔터테인먼트,20220419
063080,컴투스홀딩스,커뮤니케이션서비스,미디어와엔터테인먼트,20220419
206560,덱스터,커뮤니케이션서비스,미디어와엔터테인먼트,20220419
067000,조이시티,커뮤니케이션서비스,미디어와엔터테인먼트,20220419
101730,위메이드맥스,커뮤니케이션서비스,미디어와엔터테인먼트,20220419
095660,네오위즈,커뮤니케이션서비스,미디어와엔터테인먼트,20220419
230360,에코마케팅,커뮤니케이션서비스,미디어와엔터테인먼트,20220419
289220,자이언트스텝,커뮤니케이션서비스,미디어와엔터테인먼트,20220419
037560,LG헬로비전,커뮤니케이션서비스,미디어와엔터테인먼트,20220419
217270,넵튠,커뮤니케이션서비스,미디어와엔터테인먼트,20220419
241840,에이스토리,커뮤니케이션서비스,미디어와엔터테인먼트,20220419
122450,KMH,커뮤니케이션서비스,미디어와엔터테인먼트,20220419
053210,스카이라이프,커뮤니케이션서비스,미디어와엔터테인먼트,20220419
037270,YG PLUS,커뮤니케이션서비스,미디어와엔터테인먼트,20220419
043610,지니뮤직,커뮤니케이션서비스,미디어와엔터테인먼트,20220419
020120,키다리스튜디오,커뮤니케이션서비스,미디어와엔터테인먼트,20220419
160550,NEW,커뮤니케이션서비스,미디어와엔터테인먼트,20220419
123420,위메이드플레이,커뮤니케이션서비스,미디어와엔터테인먼트,20220419
263720,디앤씨미디어,커뮤니케이션서비스,미디어와엔터테인먼트,20220419
048550,SM C&C,커뮤니케이션서비스,미디어와엔터테인먼트,20220419
208640,썸에이지,커뮤니케이션서비스,미디어와엔터테인먼트,20220419
086980,쇼박스,커뮤니케이션서비스,미디어와엔터테인먼트,20220419
058630,엠게임,커뮤니케이션서비스,미디어와엔터테인먼트,20220419
042420,네오위즈홀딩스,커뮤니케이션서비스,미디어와엔터테인먼트,20220419
054780,키이스트,커뮤니케이션서비스,미디어와엔터테인먼트,20220419
057680,티사이언티픽,커뮤니케이션서비스,미디어와엔터테인먼트,20220419
182360,큐브엔터,커뮤니케이션서비스,미디어와엔터테인먼트,20220419
216050,인크로스,커뮤니케이션서비스,미디어와엔터테인먼트,20220419
201490,미투온,커뮤니케이션서비스,미디어와엔터테인먼트,20220419
291230,엔피,커뮤니케이션서비스,미디어와엔터테인먼트,20220419
048910,대원미디어,커뮤니케이션서비스,미디어와엔터테인먼트,20220419
300080,플리토,커뮤니케이션서비스,미디어와엔터테인먼트,20220419
205500,액션스퀘어,커뮤니케이션서비스,미디어와엔터테인먼트,20220419
046390,삼화네트웍스,커뮤니케이션서비스,미디어와엔터테인먼트,20220419
060240,룽투코리아,커뮤니케이션서비스,미디어와엔터테인먼트,20220419
322780,코퍼스코리아,커뮤니케이션서비스,미디어와엔터테인먼트,20220419
126560,현대퓨처넷,커뮤니케이션서비스,미디어와엔터테인먼트,20220419
040300,YTN,커뮤니케이션서비스,미디어와엔터테인먼트,20220419
214270,FSN,커뮤니케이션서비스,미디어와엔터테인먼트,20220419
089600,나스미디어,커뮤니케이션서비스,미디어와엔터테인먼트,20220419
066980,이엔코퍼레이션,커뮤니케이션서비스,미디어와엔터테인먼트,20220419
058400,KNN,커뮤니케이션서비스,미디어와엔터테인먼트,20220419
361570,알비더블유,커뮤니케이션서비스,미디어와엔터테인먼트,20220419
104200,NHN벅스,커뮤니케이션서비스,미디어와엔터테인먼트,20220419
012170,아센디오,커뮤니케이션서비스,미디어와엔터테인먼트,20220419
200350,래몽래인,커뮤니케이션서비스,미디어와엔터테인먼트,20220419
089230,THE E&M,커뮤니케이션서비스,미디어와엔터테인먼트,20220419
173940,에프엔씨엔터,커뮤니케이션서비스,미디어와엔터테인먼트,20220419
236810,엔비티,커뮤니케이션서비스,미디어와엔터테인먼트,20220419
039340,한국경제TV,커뮤니케이션서비스,미디어와엔터테인먼트,20220419
033830,티비씨,커뮤니케이션서비스,미디어와엔터테인먼트,20220419
063440,SM Life Design,커뮤니케이션서비스,미디어와엔터테인먼트,20220419
123570,이엠넷,커뮤니케이션서비스,미디어와엔터테인먼트,20220419
033130,디지틀조선,커뮤니케이션서비스,미디어와엔터테인먼트,20220419
204630,스튜디오산타클로스,커뮤니케이션서비스,미디어와엔터테인먼트,20220419
206400,베노홀딩스,커뮤니케이션서비스,미디어와엔터테인먼트,20220419
348030,모비릭스,커뮤니케이션서비스,미디어와엔터테인먼트,20220419
023770,플레이위드,커뮤니케이션서비스,미디어와엔터테인먼트,20220419
068050,팬엔터테인먼트,커뮤니케이션서비스,미디어와엔터테인먼트,20220419
207760,미스터블루,커뮤니케이션서비스,미디어와엔터테인먼트,20220419
003560,IHQ,커뮤니케이션서비스,미디어와엔터테인먼트,20220419
060570,드림어스컴퍼니,커뮤니케이션서비스,미디어와엔터테인먼트,20220419
035620,바른손이앤에이,커뮤니케이션서비스,미디어와엔터테인먼트,20220419
239340,줌인터넷,커뮤니케이션서비스,미디어와엔터테인먼트,20220419
030350,드래곤플라이,커뮤니케이션서비스,미디어와엔터테인먼트,20220419
078860,아이오케이,커뮤니케이션서비스,미디어와엔터테인먼트,20220419
310200,애니플러스,커뮤니케이션서비스,미디어와엔터테인먼트,20220419
035000,지투알,커뮤니케이션서비스,미디어와엔터테인먼트,20220419
052790,액토즈소프트,커뮤니케이션서비스,미디어와엔터테인먼트,20220419
047080,한빛소프트,커뮤니케이션서비스,미디어와엔터테인먼트,20220419
127710,아시아경제,커뮤니케이션서비스,미디어와엔터테인먼트,20220419
052220,iMBC,커뮤니케이션서비스,미디어와엔터테인먼트,20220419
051780,큐로홀딩스,커뮤니케이션서비스,미디어와엔터테인먼트,20220419
011420,갤럭시아에스엠,커뮤니케이션서비스,미디어와엔터테인먼트,20220419
317530,캐리소프트,커뮤니케이션서비스,미디어와엔터테인먼트,20220419
273060,와이즈버즈,커뮤니케이션서비스,미디어와엔터테인먼트,20220419
046140,SBS콘텐츠허브,커뮤니케이션서비스,미디어와엔터테인먼트,20220419
066790,씨씨에스,커뮤니케이션서비스,미디어와엔터테인먼트,20220419
010470,오리콤,커뮤니케이션서비스,미디어와엔터테인먼트,20220419
237820,플레이디,커뮤니케이션서비스,미디어와엔터테인먼트,20220419
015760,한국전력,유틸리티,유틸리티,20220419
036460,한국가스공사,유틸리티,유틸리티,20220419
052690,한전기술,유틸리티,유틸리티,20220419
051600,한전KPS,유틸리티,유틸리티,20220419
018670,SK가스,유틸리티,유틸리티,20220419
130660,한전산업,유틸리티,유틸리티,20220419
016710,대성홀딩스,유틸리티,유틸리티,20220419
004690,삼천리,유틸리티,유틸리티,20220419
017940,E1,유틸리티,유틸리티,20220419
017390,서울가스,유틸리티,유틸리티,20220419
071320,지역난방공사,유틸리티,유틸리티,20220419
117580,대성에너지,유틸리티,유틸리티,20220419
053050,지에스이,유틸리티,유틸리티,20220419
015360,예스코홀딩스,유틸리티,유틸리티,20220419
267290,경동도시가스,유틸리티,유틸리티,20220419
038870,에코바이오,유틸리티,유틸리티,20220419
003480,한진중공업홀딩스,유틸리티,유틸리티,20220419
034590,인천도시가스,유틸리티,유틸리티,20220419
